Workbook

Sheet Sheet6
A3: Row Labels | B3: Count of OrderID | C3: Sum of Difference | D3: Sum of Billing Amount | E3: Sum of Expected charges
A4: Correctly Charged | B4: 41 | C4: 0 | D4: 1737.4 | E4: 1737.4
A5: Over Charged | B5: 359 | C5: 31560.8 | D5: 47567.2 | E5: 16006.4
A6: Grand Total | B6: 400 | C6: 31560.8 | D6: 49304.6 | E6: 17743.8

Sheet Order Report
A1: Order ID | B1: OrderID | C1: SKU (Product Code) | D1: Order Qty | E1: Product weight | F1: Weight per order (g) | G1: Weight per order (Kg) | H1: Weight slab | I1: Zone | J1: Type of shipment | K1: Fixed_Charges | L1: Additional_Charges | M1: No_of_Extra_slabs | N1: Expected charges | O1: Billing Amount | P1: Difference | Q1: Charge Type
A2: 2001827036 | B2: =Table1[[#This Row],[Order ID]]*1 -> 2001827036 | C2: 8904223818706 | D2: 1 | E2: =_xlfn.XLOOKUP(Table1[[#This Row],[SKU (Product Code)]],'SKU Master'!A:A,'SKU Master'!B:B) -> 127 | F2: =Table1[[#This Row],[Product weight]]*Table1[[#This Row],[Order Qty]] -> 127 | G2: =Table1[[#This Row],[Weight per order (g)]]/1000 -> 0.127 | H2: =CEILING(Table1[[#This Row],[Weight per order (Kg)]],0.5) -> 0.5 | I2: =_xlfn.XLOOKUP(Table1[[#This Row],[OrderID]],'Courier company invoice'!B:B,'Courier company invoice'!F:F) -> b | J2: =_xlfn.XLOOKUP(Table1[[#This Row],[OrderID]],Table2[Order ID],Table2[Type of Shipment],"Not Found") -> Forward charges | K2: =INDEX(Sheet1[],1,MATCH("fwd_"&Table1[[#This Row],[Zone]]&"_fixed",Sheet1[#Headers],0)) -> 33 | L2: =INDEX(Sheet1[],1,MATCH("fwd_"&Table1[[#This Row],[Zone]]&"_additional",Sheet1[#Headers],0)) -> 28.3 | M2: =(Table1[[#This Row],[Weight slab]]-0.5)/0.5 -> 0 | N2: =Table1[[#This Row],[Fixed_Charges]]+Table1[[#This Row],[No_of_Extra_slabs]]*Table1[[#This Row],[Additional_Charges]] -> 33 | O2: =_xlfn.XLOOKUP(Table1[[#This Row],[OrderID]],'Courier company invoice'!B:B,'Courier company invoice'!H:H) -> 117.9 | P2: =Table1[[#This Row],[Billing Amount]]-Table1[[#This Row],[Expected charges]] -> 84.9 | Q2: {=_xlfn.IFS(Table1[[#This Row],[Billing Amount]]>Table1[[#This Row],[Expected charges]],"Over Charged",Table1[[#This Row],[Billing Amount]]<Table1[[#This Row],[Expected charges]],"Under Charged",Table1[[#This Row],[Billing Amount]]=Table1[[#This Row],[Expected charges]],"Correctly Charged")} -> Over Charged
A3: 2001827036 | B3: =Table1[[#This Row],[Order ID]]*1 -> 2001827036 | C3: 8904223819093 | D3: 1 | E3: =_xlfn.XLOOKUP(Table1[[#This Row],[SKU (Product Code)]],'SKU Master'!A:A,'SKU Master'!B:B) -> 150 | F3: =Table1[[#This Row],[Product weight]]*Table1[[#This Row],[Order Qty]] -> 150 | G3: =Table1[[#This Row],[Weight per order (g)]]/1000 -> 0.15 | H3: =CEILING(Table1[[#This Row],[Weight per order (Kg)]],0.5) -> 0.5 | I3: =_xlfn.XLOOKUP(Table1[[#This Row],[OrderID]],'Courier company invoice'!B:B,'Courier company invoice'!F:F) -> b | J3: =_xlfn.XLOOKUP(Table1[[#This Row],[OrderID]],Table2[Order ID],Table2[Type of Shipment],"Not Found") -> Forward charges | K3: =INDEX(Sheet1[],1,MATCH("fwd_"&Table1[[#This Row],[Zone]]&"_fixed",Sheet1[#Headers],0)) -> 33 | L3: =INDEX(Sheet1[],1,MATCH("fwd_"&Table1[[#This Row],[Zone]]&"_additional",Sheet1[#Headers],0)) -> 28.3 | M3: =(Table1[[#This Row],[Weight slab]]-0.5)/0.5 -> 0 | N3: =Table1[[#This Row],[Fixed_Charges]]+Table1[[#This Row],[No_of_Extra_slabs]]*Table1[[#This Row],[Additional_Charges]] -> 33 | O3: =_xlfn.XLOOKUP(Table1[[#This Row],[OrderID]],'Courier company invoice'!B:B,'Courier company invoice'!H:H) -> 117.9 | P3: =Table1[[#This Row],[Billing Amount]]-Table1[[#This Row],[Expected charges]] -> 84.9 | Q3: {=_xlfn.IFS(Table1[[#This Row],[Billing Amount]]>Table1[[#This Row],[Expected charges]],"Over Charged",Table1[[#This Row],[Billing Amount]]<Table1[[#This Row],[Expected charges]],"Under Charged",Table1[[#This Row],[Billing Amount]]=Table1[[#This Row],[Expected charges]],"Correctly Charged")} -> Over Charged
A4: 2001827036 | B4: =Table1[[#This Row],[Order ID]]*1 -> 2001827036 | C4: 8904223819109 | D4: 1 | E4: =_xlfn.XLOOKUP(Table1[[#This Row],[SKU (Product Code)]],'SKU Master'!A:A,'SKU Master'!B:B) -> 100 | F4: =Table1[[#This Row],[Product weight]]*Table1[[#This Row],[Order Qty]] -> 100 | G4: =Table1[[#This Row],[Weight per order (g)]]/1000 -> 0.1 | H4: =CEILING(Table1[[#This Row],[Weight per order (Kg)]],0.5) -> 0.5 | I4: =_xlfn.XLOOKUP(Table1[[#This Row],[OrderID]],'Courier company invoice'!B:B,'Courier company invoice'!F:F) -> b | J4: =_xlfn.XLOOKUP(Table1[[#This Row],[OrderID]],Table2[Order ID],Table2[Type of Shipment],"Not Found") -> Forward charges | K4: =INDEX(Sheet1[],1,MATCH("fwd_"&Table1[[#This Row],[Zone]]&"_fixed",Sheet1[#Headers],0)) -> 33 | L4: =INDEX(Sheet1[],1,MATCH("fwd_"&Table1[[#This Row],[Zone]]&"_additional",Sheet1[#Headers],0)) -> 28.3 | M4: =(Table1[[#This Row],[Weight slab]]-0.5)/0.5 -> 0 | N4: =Table1[[#This Row],[Fixed_Charges]]+Table1[[#This Row],[No_of_Extra_slabs]]*Table1[[#This Row],[Additional_Charges]] -> 33 | O4: =_xlfn.XLOOKUP(Table1[[#This Row],[OrderID]],'Courier company invoice'!B:B,'Courier company invoice'!H:H) -> 117.9 | P4: =Table1[[#This Row],[Billing Amount]]-Table1[[#This Row],[Expected charges]] -> 84.9 | Q4: {=_xlfn.IFS(Table1[[#This Row],[Billing Amount]]>Table1[[#This Row],[Expected charges]],"Over Charged",Table1[[#This Row],[Billing Amount]]<Table1[[#This Row],[Expected charges]],"Under Charged",Table1[[#This Row],[Billing Amount]]=Table1[[#This Row],[Expected charges]],"Correctly Charged")} -> Over Charged
A5: 2001827036 | B5: =Table1[[#This Row],[Order ID]]*1 -> 2001827036 | C5: 8904223818430 | D5: 1 | E5: =_xlfn.XLOOKUP(Table1[[#This Row],[SKU (Product Code)]],'SKU Master'!A:A,'SKU Master'!B:B) -> 165 | F5: =Table1[[#This Row],[Product weight]]*Table1[[#This Row],[Order Qty]] -> 165 | G5: =Table1[[#This Row],[Weight per order (g)]]/1000 -> 0.165 | H5: =CEILING(Table1[[#This Row],[Weight per order (Kg)]],0.5) -> 0.5 | I5: =_xlfn.XLOOKUP(Table1[[#This Row],[OrderID]],'Courier company invoice'!B:B,'Courier company invoice'!F:F) -> b | J5: =_xlfn.XLOOKUP(Table1[[#This Row],[OrderID]],Table2[Order ID],Table2[Type of Shipment],"Not Found") -> Forward charges | K5: =INDEX(Sheet1[],1,MATCH("fwd_"&Table1[[#This Row],[Zone]]&"_fixed",Sheet1[#Headers],0)) -> 33 | L5: =INDEX(Sheet1[],1,MATCH("fwd_"&Table1[[#This Row],[Zone]]&"_additional",Sheet1[#Headers],0)) -> 28.3 | M5: =(Table1[[#This Row],[Weight slab]]-0.5)/0.5 -> 0 | N5: =Table1[[#This Row],[Fixed_Charges]]+Table1[[#This Row],[No_of_Extra_slabs]]*Table1[[#This Row],[Additional_Charges]] -> 33 | O5: =_xlfn.XLOOKUP(Table1[[#This Row],[OrderID]],'Courier company invoice'!B:B,'Courier company invoice'!H:H) -> 117.9 | P5: =Table1[[#This Row],[Billing Amount]]-Table1[[#This Row],[Expected charges]] -> 84.9 | Q5: {=_xlfn.IFS(Table1[[#This Row],[Billing Amount]]>Table1[[#This Row],[Expected charges]],"Over Charged",Table1[[#This Row],[Billing Amount]]<Table1[[#This Row],[Expected charges]],"Under Charged",Table1[[#This Row],[Billing Amount]]=Table1[[#This Row],[Expected charges]],"Correctly Charged")} -> Over Charged
A6: 2001827036 | B6: =Table1[[#This Row],[Order ID]]*1 -> 2001827036 | C6: 8904223819277 | D6: 1 | E6: =_xlfn.XLOOKUP(Table1[[#This Row],[SKU (Product Code)]],'SKU Master'!A:A,'SKU Master'!B:B) -> 350 | F6: =Table1[[#This Row],[Product weight]]*Table1[[#This Row],[Order Qty]] -> 350 | G6: =Table1[[#This Row],[Weight per order (g)]]/1000 -> 0.35 | H6: =CEILING(Table1[[#This Row],[Weight per order (Kg)]],0.5) -> 0.5 | I6: =_xlfn.XLOOKUP(Table1[[#This Row],[OrderID]],'Courier company invoice'!B:B,'Courier company invoice'!F:F) -> b | J6: =_xlfn.XLOOKUP(Table1[[#This Row],[OrderID]],Table2[Order ID],Table2[Type of Shipment],"Not Found") -> Forward charges | K6: =INDEX(Sheet1[],1,MATCH("fwd_"&Table1[[#This Row],[Zone]]&"_fixed",Sheet1[#Headers],0)) -> 33 | L6: =INDEX(Sheet1[],1,MATCH("fwd_"&Table1[[#This Row],[Zone]]&"_additional",Sheet1[#Headers],0)) -> 28.3 | M6: =(Table1[[#This Row],[Weight slab]]-0.5)/0.5 -> 0 | N6: =Table1[[#This Row],[Fixed_Charges]]+Table1[[#This Row],[No_of_Extra_slabs]]*Table1[[#This Row],[Additional_Charges]] -> 33 | O6: =_xlfn.XLOOKUP(Table1[[#This Row],[OrderID]],'Courier company invoice'!B:B,'Courier company invoice'!H:H) -> 117.9 | P6: =Table1[[#This Row],[Billing Amount]]-Table1[[#This Row],[Expected charges]] -> 84.9 | Q6: {=_xlfn.IFS(Table1[[#This Row],[Billing Amount]]>Table1[[#This Row],[Expected charges]],"Over Charged",Table1[[#This Row],[Billing Amount]]<Table1[[#This Row],[Expected charges]],"Under Charged",Table1[[#This Row],[Billing Amount]]=Table1[[#This Row],[Expected charges]],"Correctly Charged")} -> Over Charged
A7: 2001827036 | B7: =Table1[[#This Row],[Order ID]]*1 -> 2001827036 | C7: GIFTBOX202002 | D7: 1 | E7: =_xlfn.XLOOKUP(Table1[[#This Row],[SKU (Product Code)]],'SKU Master'!A:A,'SKU Master'!B:B) -> 500 | F7: =Table1[[#This Row],[Product weight]]*Table1[[#This Row],[Order Qty]] -> 500 | G7: =Table1[[#This Row],[Weight per order (g)]]/1000 -> 0.5 | H7: =CEILING(Table1[[#This Row],[Weight per order (Kg)]],0.5) -> 0.5 | I7: =_xlfn.XLOOKUP(Table1[[#This Row],[OrderID]],'Courier company invoice'!B:B,'Courier company invoice'!F:F) -> b | J7: =_xlfn.XLOOKUP(Table1[[#This Row],[OrderID]],Table2[Order ID],Table2[Type of Shipment],"Not Found") -> Forward charges | K7: =INDEX(Sheet1[],1,MATCH("fwd_"&Table1[[#This Row],[Zone]]&"_fixed",Sheet1[#Headers],0)) -> 33 | L7: =INDEX(Sheet1[],1,MATCH("fwd_"&Table1[[#This Row],[Zone]]&"_additional",Sheet1[#Headers],0)) -> 28.3 | M7: =(Table1[[#This Row],[Weight slab]]-0.5)/0.5 -> 0 | N7: =Table1[[#This Row],[Fixed_Charges]]+Table1[[#This Row],[No_of_Extra_slabs]]*Table1[[#This Row],[Additional_Charges]] -> 33 | O7: =_xlfn.XLOOKUP(Table1[[#This Row],[OrderID]],'Courier company invoice'!B:B,'Courier company invoice'!H:H) -> 117.9 | P7: =Table1[[#This Row],[Billing Amount]]-Table1[[#This Row],[Expected charges]] -> 84.9 | Q7: {=_xlfn.IFS(Table1[[#This Row],[Billing Amount]]>Table1[[#This Row],[Expected charges]],"Over Charged",Table1[[#This Row],[Billing Amount]]<Table1[[#This Row],[Expected charges]],"Under Charged",Table1[[#This Row],[Billing Amount]]=Table1[[#This Row],[Expected charges]],"Correctly Charged")} -> Over Charged
A8: 2001827036 | B8: =Table1[[#This Row],[Order ID]]*1 -> 2001827036 | C8: 8904223818638 | D8: 2 | E8: =_xlfn.XLOOKUP(Table1[[#This Row],[SKU (Product Code)]],'SKU Master'!A:A,'SKU Master'!B:B) -> 137 | F8: =Table1[[#This Row],[Product weight]]*Table1[[#This Row],[Order Qty]] -> 274 | G8: =Table1[[#This Row],[Weight per order (g)]]/1000 -> 0.274 | H8: =CEILING(Table1[[#This Row],[Weight per order (Kg)]],0.5) -> 0.5 | I8: =_xlfn.XLOOKUP(Table1[[#This Row],[OrderID]],'Courier company invoice'!B:B,'Courier company invoice'!F:F) -> b | J8: =_xlfn.XLOOKUP(Table1[[#This Row],[OrderID]],Table2[Order ID],Table2[Type of Shipment],"Not Found") -> Forward charges | K8: =INDEX(Sheet1[],1,MATCH("fwd_"&Table1[[#This Row],[Zone]]&"_fixed",Sheet1[#Headers],0)) -> 33 | L8: =INDEX(Sheet1[],1,MATCH("fwd_"&Table1[[#This Row],[Zone]]&"_additional",Sheet1[#Headers],0)) -> 28.3 | M8: =(Table1[[#This Row],[Weight slab]]-0.5)/0.5 -> 0 | N8: =Table1[[#This Row],[Fixed_Charges]]+Table1[[#This Row],[No_of_Extra_slabs]]*Table1[[#This Row],[Additional_Charges]] -> 33 | O8: =_xlfn.XLOOKUP(Table1[[#This Row],[OrderID]],'Courier company invoice'!B:B,'Courier company invoice'!H:H) -> 117.9 | P8: =Table1[[#This Row],[Billing Amount]]-Table1[[#This Row],[Expected charges]] -> 84.9 | Q8: {=_xlfn.IFS(Table1[[#This Row],[Billing Amount]]>Table1[[#This Row],[Expected charges]],"Over Charged",Table1[[#This Row],[Billing Amount]]<Table1[[#This Row],[Expected charges]],"Under Charged",Table1[[#This Row],[Billing Amount]]=Table1[[#This Row],[Expected charges]],"Correctly Charged")} -> Over Charged
A9: 2001827036 | B9: =Table1[[#This Row],[Order ID]]*1 -> 2001827036 | C9: SACHETS001 | D9: 1 | E9: =_xlfn.XLOOKUP(Table1[[#This Row],[SKU (Product Code)]],'SKU Master'!A:A,'SKU Master'!B:B) -> 10 | F9: =Table1[[#This Row],[Product weight]]*Table1[[#This Row],[Order Qty]] -> 10 | G9: =Table1[[#This Row],[Weight per order (g)]]/1000 -> 0.01 | H9: =CEILING(Table1[[#This Row],[Weight per order (Kg)]],0.5) -> 0.5 | I9: =_xlfn.XLOOKUP(Table1[[#This Row],[OrderID]],'Courier company invoice'!B:B,'Courier company invoice'!F:F) -> b | J9: =_xlfn.XLOOKUP(Table1[[#This Row],[OrderID]],Table2[Order ID],Table2[Type of Shipment],"Not Found") -> Forward charges | K9: =INDEX(Sheet1[],1,MATCH("fwd_"&Table1[[#This Row],[Zone]]&"_fixed",Sheet1[#Headers],0)) -> 33 | L9: =INDEX(Sheet1[],1,MATCH("fwd_"&Table1[[#This Row],[Zone]]&"_additional",Sheet1[#Headers],0)) -> 28.3 | M9: =(Table1[[#This Row],[Weight slab]]-0.5)/0.5 -> 0 | N9: =Table1[[#This Row],[Fixed_Charges]]+Table1[[#This Row],[No_of_Extra_slabs]]*Table1[[#This Row],[Additional_Charges]] -> 33 | O9: =_xlfn.XLOOKUP(Table1[[#This Row],[OrderID]],'Courier company invoice'!B:B,'Courier company invoice'!H:H) -> 117.9 | P9: =Table1[[#This Row],[Billing Amount]]-Table1[[#This Row],[Expected charges]] -> 84.9 | Q9: {=_xlfn.IFS(Table1[[#This Row],[Billing Amount]]>Table1[[#This Row],[Expected charges]],"Over Charged",Table1[[#This Row],[Billing Amount]]<Table1[[#This Row],[Expected charges]],"Under Charged",Table1[[#This Row],[Billing Amount]]=Table1[[#This Row],[Expected charges]],"Correctly Charged")} -> Over Charged
A10: 2001825261 | B10: =Table1[[#This Row],[Order ID]]*1 -> 2001825261 | C10: 8904223819024 | D10: 4 | E10: =_xlfn.XLOOKUP(Table1[[#This Row],[SKU (Product Code)]],'SKU Master'!A:A,'SKU Master'!B:B) -> 112 | F10: =Table1[[#This Row],[Product weight]]*Table1[[#This Row],[Order Qty]] -> 448 | G10: =Table1[[#This Row],[Weight per order (g)]]/1000 -> 0.448 | H10: =CEILING(Table1[[#This Row],[Weight per order (Kg)]],0.5) -> 0.5 | I10: =_xlfn.XLOOKUP(Table1[[#This Row],[OrderID]],'Courier company invoice'!B:B,'Courier company invoice'!F:F) -> d | J10: =_xlfn.XLOOKUP(Table1[[#This Row],[OrderID]],Table2[Order ID],Table2[Type of Shipment],"Not Found") -> Forward and RTO charges | K10: =INDEX(Sheet1[],1,MATCH("fwd_"&Table1[[#This Row],[Zone]]&"_fixed",Sheet1[#Headers],0)) -> 45.4 | L10: =INDEX(Sheet1[],1,MATCH("fwd_"&Table1[[#This Row],[Zone]]&"_additional",Sheet1[#Headers],0)) -> 44.8 | M10: =(Table1[[#This Row],[Weight slab]]-0.5)/0.5 -> 0 | N10: =Table1[[#This Row],[Fixed_Charges]]+Table1[[#This Row],[No_of_Extra_slabs]]*Table1[[#This Row],[Additional_Charges]] -> 45.4 | O10: =_xlfn.XLOOKUP(Table1[[#This Row],[OrderID]],'Courier company invoice'!B:B,'Courier company invoice'!H:H) -> 345 | P10: =Table1[[#This Row],[Billing Amount]]-Table1[[#This Row],[Expected charges]] -> 299.6 | Q10: {=_xlfn.IFS(Table1[[#This Row],[Billing Amount]]>Table1[[#This Row],[Expected charges]],"Over Charged",Table1[[#This Row],[Billing Amount]]<Table1[[#This Row],[Expected charges]],"Under Charged",Table1[[#This Row],[Billing Amount]]=Table1[[#This Row],[Expected charges]],"Correctly Charged")} -> Over Charged
A11: 2001825261 | B11: =Table1[[#This Row],[Order ID]]*1 -> 2001825261 | C11: 8904223819291 | D11: 4 | E11: =_xlfn.XLOOKUP(Table1[[#This Row],[SKU (Product Code)]],'SKU Master'!A:A,'SKU Master'!B:B) -> 112 | F11: =Table1[[#This Row],[Product weight]]*Table1[[#This Row],[Order Qty]] -> 448 | G11: =Table1[[#This Row],[Weight per order (g)]]/1000 -> 0.448 | H11: =CEILING(Table1[[#This Row],[Weight per order (Kg)]],0.5) -> 0.5 | I11: =_xlfn.XLOOKUP(Table1[[#This Row],[OrderID]],'Courier company invoice'!B:B,'Courier company invoice'!F:F) -> d | J11: =_xlfn.XLOOKUP(Table1[[#This Row],[OrderID]],Table2[Order ID],Table2[Type of Shipment],"Not Found") -> Forward and RTO charges | K11: =INDEX(Sheet1[],1,MATCH("fwd_"&Table1[[#This Row],[Zone]]&"_fixed",Sheet1[#Headers],0)) -> 45.4 | L11: =INDEX(Sheet1[],1,MATCH("fwd_"&Table1[[#This Row],[Zone]]&"_additional",Sheet1[#Headers],0)) -> 44.8 | M11: =(Table1[[#This Row],[Weight slab]]-0.5)/0.5 -> 0 | N11: =Table1[[#This Row],[Fixed_Charges]]+Table1[[#This Row],[No_of_Extra_slabs]]*Table1[[#This Row],[Additional_Charges]] -> 45.4 | O11: =_xlfn.XLOOKUP(Table1[[#This Row],[OrderID]],'Courier company invoice'!B:B,'Courier company invoice'!H:H) -> 345 | P11: =Table1[[#This Row],[Billing Amount]]-Table1[[#This Row],[Expected charges]] -> 299.6 | Q11: {=_xlfn.IFS(Table1[[#This Row],[Billing Amount]]>Table1[[#This Row],[Expected charges]],"Over Charged",Table1[[#This Row],[Billing Amount]]<Table1[[#This Row],[Expected charges]],"Under Charged",Table1[[#This Row],[Billing Amount]]=Table1[[#This Row],[Expected charges]],"Correctly Charged")} -> Over Charged
A12: 2001825261 | B12: =Table1[[#This Row],[Order ID]]*1 -> 2001825261 | C12: 8904223818638 | D12: 3 | E12: =_xlfn.XLOOKUP(Table1[[#This Row],[SKU (Product Code)]],'SKU Master'!A:A,'SKU Master'!B:B) -> 137 | F12: =Table1[[#This Row],[Product weight]]*Table1[[#This Row],[Order Qty]] -> 411 | G12: =Table1[[#This Row],[Weight per order (g)]]/1000 -> 0.411 | H12: =CEILING(Table1[[#This Row],[Weight per order (Kg)]],0.5) -> 0.5 | I12: =_xlfn.XLOOKUP(Table1[[#This Row],[OrderID]],'Courier company invoice'!B:B,'Courier company invoice'!F:F) -> d | J12: =_xlfn.XLOOKUP(Table1[[#This Row],[OrderID]],Table2[Order ID],Table2[Type of Shipment],"Not Found") -> Forward and RTO charges | K12: =INDEX(Sheet1[],1,MATCH("fwd_"&Table1[[#This Row],[Zone]]&"_fixed",Sheet1[#Headers],0)) -> 45.4 | L12: =INDEX(Sheet1[],1,MATCH("fwd_"&Table1[[#This Row],[Zone]]&"_additional",Sheet1[#Headers],0)) -> 44.8 | M12: =(Table1[[#This Row],[Weight slab]]-0.5)/0.5 -> 0 | N12: =Table1[[#This Row],[Fixed_Charges]]+Table1[[#This Row],[No_of_Extra_slabs]]*Table1[[#This Row],[Additional_Charges]] -> 45.4 | O12: =_xlfn.XLOOKUP(Table1[[#This Row],[OrderID]],'Courier company invoice'!B:B,'Courier company invoice'!H:H) -> 345 | P12: =Table1[[#This Row],[Billing Amount]]-Table1[[#This Row],[Expected charges]] -> 299.6 | Q12: {=_xlfn.IFS(Table1[[#This Row],[Billing Amount]]>Table1[[#This Row],[Expected charges]],"Over Charged",Table1[[#This Row],[Billing Amount]]<Table1[[#This Row],[Expected charges]],"Under Charged",Table1[[#This Row],[Billing Amount]]=Table1[[#This Row],[Expected charges]],"Correctly Charged")} -> Over Charged
A13: 2001825261 | B13: =Table1[[#This Row],[Order ID]]*1 -> 2001825261 | C13: 8904223818669 | D13: 1 | E13: =_xlfn.XLOOKUP(Table1[[#This Row],[SKU (Product Code)]],'SKU Master'!A:A,'SKU Master'!B:B) -> 240 | F13: =Table1[[#This Row],[Product weight]]*Table1[[#This Row],[Order Qty]] -> 240 | G13: =Table1[[#This Row],[Weight per order (g)]]/1000 -> 0.24 | H13: =CEILING(Table1[[#This Row],[Weight per order (Kg)]],0.5) -> 0.5 | I13: =_xlfn.XLOOKUP(Table1[[#This Row],[OrderID]],'Courier company invoice'!B:B,'Courier company invoice'!F:F) -> d | J13: =_xlfn.XLOOKUP(Table1[[#This Row],[OrderID]],Table2[Order ID],Table2[Type of Shipment],"Not Found") -> Forward and RTO charges | K13: =INDEX(Sheet1[],1,MATCH("fwd_"&Table1[[#This Row],[Zone]]&"_fixed",Sheet1[#Headers],0)) -> 45.4 | L13: =INDEX(Sheet1[],1,MATCH("fwd_"&Table1[[#This Row],[Zone]]&"_additional",Sheet1[#Headers],0)) -> 44.8 | M13: =(Table1[[#This Row],[Weight slab]]-0.5)/0.5 -> 0 | N13: =Table1[[#This Row],[Fixed_Charges]]+Table1[[#This Row],[No_of_Extra_slabs]]*Table1[[#This Row],[Additional_Charges]] -> 45.4 | O13: =_xlfn.XLOOKUP(Table1[[#This Row],[OrderID]],'Courier company invoice'!B:B,'Courier company invoice'!H:H) -> 345 | P13: =Table1[[#This Row],[Billing Amount]]-Table1[[#This Row],[Expected charges]] -> 299.6 | Q13: {=_xlfn.IFS(Table1[[#This Row],[Billing Amount]]>Table1[[#This Row],[Expected charges]],"Over Charged",Table1[[#This Row],[Billing Amount]]<Table1[[#This Row],[Expected charges]],"Under Charged",Table1[[#This Row],[Billing Amount]]=Table1[[#This Row],[Expected charges]],"Correctly Charged")} -> Over Charged
A14: 2001825261 | B14: =Table1[[#This Row],[Order ID]]*1 -> 2001825261 | C14: SACHETS001 | D14: 1 | E14: =_xlfn.XLOOKUP(Table1[[#This Row],[SKU (Product Code)]],'SKU Master'!A:A,'SKU Master'!B:B) -> 10 | F14: =Table1[[#This Row],[Product weight]]*Table1[[#This Row],[Order Qty]] -> 10 | G14: =Table1[[#This Row],[Weight per order (g)]]/1000 -> 0.01 | H14: =CEILING(Table1[[#This Row],[Weight per order (Kg)]],0.5) -> 0.5 | I14: =_xlfn.XLOOKUP(Table1[[#This Row],[OrderID]],'Courier company invoice'!B:B,'Courier company invoice'!F:F) -> d | J14: =_xlfn.XLOOKUP(Table1[[#This Row],[OrderID]],Table2[Order ID],Table2[Type of Shipment],"Not Found") -> Forward and RTO charges | K14: =INDEX(Sheet1[],1,MATCH("fwd_"&Table1[[#This Row],[Zone]]&"_fixed",Sheet1[#Headers],0)) -> 45.4 | L14: =INDEX(Sheet1[],1,MATCH("fwd_"&Table1[[#This Row],[Zone]]&"_additional",Sheet1[#Headers],0)) -> 44.8 | M14: =(Table1[[#This Row],[Weight slab]]-0.5)/0.5 -> 0 | N14: =Table1[[#This Row],[Fixed_Charges]]+Table1[[#This Row],[No_of_Extra_slabs]]*Table1[[#This Row],[Additional_Charges]] -> 45.4 | O14: =_xlfn.XLOOKUP(Table1[[#This Row],[OrderID]],'Courier company invoice'!B:B,'Courier company invoice'!H:H) -> 345 | P14: =Table1[[#This Row],[Billing Amount]]-Table1[[#This Row],[Expected charges]] -> 299.6 | Q14: {=_xlfn.IFS(Table1[[#This Row],[Billing Amount]]>Table1[[#This Row],[Expected charges]],"Over Charged",Table1[[#This Row],[Billing Amount]]<Table1[[#This Row],[Expected charges]],"Under Charged",Table1[[#This Row],[Billing Amount]]=Table1[[#This Row],[Expected charges]],"Correctly Charged")} -> Over Charged
A15: 2001823564 | B15: =Table1[[#This Row],[Order ID]]*1 -> 2001823564 | C15: 8904223819291 | D15: 2 | E15: =_xlfn.XLOOKUP(Table1[[#This Row],[SKU (Product Code)]],'SKU Master'!A:A,'SKU Master'!B:B) -> 112 | F15: =Table1[[#This Row],[Product weight]]*Table1[[#This Row],[Order Qty]] -> 224 | G15: =Table1[[#This Row],[Weight per order (g)]]/1000 -> 0.224 | H15: =CEILING(Table1[[#This Row],[Weight per order (Kg)]],0.5) -> 0.5 | I15: =_xlfn.XLOOKUP(Table1[[#This Row],[OrderID]],'Courier company invoice'!B:B,'Courier company invoice'!F:F) -> d | J15: =_xlfn.XLOOKUP(Table1[[#This Row],[OrderID]],Table2[Order ID],Table2[Type of Shipment],"Not Found") -> Forward and RTO charges | K15: =INDEX(Sheet1[],1,MATCH("fwd_"&Table1[[#This Row],[Zone]]&"_fixed",Sheet1[#Headers],0)) -> 45.4 | L15: =INDEX(Sheet1[],1,MATCH("fwd_"&Table1[[#This Row],[Zone]]&"_additional",Sheet1[#Headers],0)) -> 44.8 | M15: =(Table1[[#This Row],[Weight slab]]-0.5)/0.5 -> 0 | N15: =Table1[[#This Row],[Fixed_Charges]]+Table1[[#This Row],[No_of_Extra_slabs]]*Table1[[#This Row],[Additional_Charges]] -> 45.4 | O15: =_xlfn.XLOOKUP(Table1[[#This Row],[OrderID]],'Courier company invoice'!B:B,'Courier company invoice'!H:H) -> 172.8 | P15: =Table1[[#This Row],[Billing Amount]]-Table1[[#This Row],[Expected charges]] -> 127.4 | Q15: {=_xlfn.IFS(Table1[[#This Row],[Billing Amount]]>Table1[[#This Row],[Expected charges]],"Over Charged",Table1[[#This Row],[Billing Amount]]<Table1[[#This Row],[Expected charges]],"Under Charged",Table1[[#This Row],[Billing Amount]]=Table1[[#This Row],[Expected charges]],"Correctly Charged")} -> Over Charged
A16: 2001823564 | B16: =Table1[[#This Row],[Order ID]]*1 -> 2001823564 | C16: 8904223819031 | D16: 2 | E16: =_xlfn.XLOOKUP(Table1[[#This Row],[SKU (Product Code)]],'SKU Master'!A:A,'SKU Master'!B:B) -> 112 | F16: =Table1[[#This Row],[Product weight]]*Table1[[#This Row],[Order Qty]] -> 224 | G16: =Table1[[#This Row],[Weight per order (g)]]/1000 -> 0.224 | H16: =CEILING(Table1[[#This Row],[Weight per order (Kg)]],0.5) -> 0.5 | I16: =_xlfn.XLOOKUP(Table1[[#This Row],[OrderID]],'Courier company invoice'!B:B,'Courier company invoice'!F:F) -> d | J16: =_xlfn.XLOOKUP(Table1[[#This Row],[OrderID]],Table2[Order ID],Table2[Type of Shipment],"Not Found") -> Forward and RTO charges | K16: =INDEX(Sheet1[],1,MATCH("fwd_"&Table1[[#This Row],[Zone]]&"_fixed",Sheet1[#Headers],0)) -> 45.4 | L16: =INDEX(Sheet1[],1,MATCH("fwd_"&Table1[[#This Row],[Zone]]&"_additional",Sheet1[#Headers],0)) -> 44.8 | M16: =(Table1[[#This Row],[Weight slab]]-0.5)/0.5 -> 0 | N16: =Table1[[#This Row],[Fixed_Charges]]+Table1[[#This Row],[No_of_Extra_slabs]]*Table1[[#This Row],[Additional_Charges]] -> 45.4 | O16: =_xlfn.XLOOKUP(Table1[[#This Row],[OrderID]],'Courier company invoice'!B:B,'Courier company invoice'!H:H) -> 172.8 | P16: =Table1[[#This Row],[Billing Amount]]-Table1[[#This Row],[Expected charges]] -> 127.4 | Q16: {=_xlfn.IFS(Table1[[#This Row],[Billing Amount]]>Table1[[#This Row],[Expected charges]],"Over Charged",Table1[[#This Row],[Billing Amount]]<Table1[[#This Row],[Expected charges]],"Under Charged",Table1[[#This Row],[Billing Amount]]=Table1[[#This Row],[Expected charges]],"Correctly Charged")} -> Over Charged
A17: 2001823564 | B17: =Table1[[#This Row],[Order ID]]*1 -> 2001823564 | C17: 8904223819024 | D17: 2 | E17: =_xlfn.XLOOKUP(Table1[[#This Row],[SKU (Product Code)]],'SKU Master'!A:A,'SKU Master'!B:B) -> 112 | F17: =Table1[[#This Row],[Product weight]]*Table1[[#This Row],[Order Qty]] -> 224 | G17: =Table1[[#This Row],[Weight per order (g)]]/1000 -> 0.224 | H17: =CEILING(Table1[[#This Row],[Weight per order (Kg)]],0.5) -> 0.5 | I17: =_xlfn.XLOOKUP(Table1[[#This Row],[OrderID]],'Courier company invoice'!B:B,'Courier company invoice'!F:F) -> d | J17: =_xlfn.XLOOKUP(Table1[[#This Row],[OrderID]],Table2[Order ID],Table2[Type of Shipment],"Not Found") -> Forward and RTO charges | K17: =INDEX(Sheet1[],1,MATCH("fwd_"&Table1[[#This Row],[Zone]]&"_fixed",Sheet1[#Headers],0)) -> 45.4 | L17: =INDEX(Sheet1[],1,MATCH("fwd_"&Table1[[#This Row],[Zone]]&"_additional",Sheet1[#Headers],0)) -> 44.8 | M17: =(Table1[[#This Row],[Weight slab]]-0.5)/0.5 -> 0 | N17: =Table1[[#This Row],[Fixed_Charges]]+Table1[[#This Row],[No_of_Extra_slabs]]*Table1[[#This Row],[Additional_Charges]] -> 45.4 | O17: =_xlfn.XLOOKUP(Table1[[#This Row],[OrderID]],'Courier company invoice'!B:B,'Courier company invoice'!H:H) -> 172.8 | P17: =Table1[[#This Row],[Billing Amount]]-Table1[[#This Row],[Expected charges]] -> 127.4 | Q17: {=_xlfn.IFS(Table1[[#This Row],[Billing Amount]]>Table1[[#This Row],[Expected charges]],"Over Charged",Table1[[#This Row],[Billing Amount]]<Table1[[#This Row],[Expected charges]],"Under Charged",Table1[[#This Row],[Billing Amount]]=Table1[[#This Row],[Expected charges]],"Correctly Charged")} -> Over Charged
A18: 2001822466 | B18: =Table1[[#This Row],[Order ID]]*1 -> 2001822466 | C18: 8904223819468 | D18: 2 | E18: =_xlfn.XLOOKUP(Table1[[#This Row],[SKU (Product Code)]],'SKU Master'!A:A,'SKU Master'!B:B) -> 240 | F18: =Table1[[#This Row],[Product weight]]*Table1[[#This Row],[Order Qty]] -> 480 | G18: =Table1[[#This Row],[Weight per order (g)]]/1000 -> 0.48 | H18: =CEILING(Table1[[#This Row],[Weight per order (Kg)]],0.5) -> 0.5 | I18: =_xlfn.XLOOKUP(Table1[[#This Row],[OrderID]],'Courier company invoice'!B:B,'Courier company invoice'!F:F) -> d | J18: =_xlfn.XLOOKUP(Table1[[#This Row],[OrderID]],Table2[Order ID],Table2[Type of Shipment],"Not Found") -> Forward charges | K18: =INDEX(Sheet1[],1,MATCH("fwd_"&Table1[[#This Row],[Zone]]&"_fixed",Sheet1[#Headers],0)) -> 45.4 | L18: =INDEX(Sheet1[],1,MATCH("fwd_"&Table1[[#This Row],[Zone]]&"_additional",Sheet1[#Headers],0)) -> 44.8 | M18: =(Table1[[#This Row],[Weight slab]]-0.5)/0.5 -> 0 | N18: =Table1[[#This Row],[Fixed_Charges]]+Table1[[#This Row],[No_of_Extra_slabs]]*Table1[[#This Row],[Additional_Charges]] -> 45.4 | O18: =_xlfn.XLOOKUP(Table1[[#This Row],[OrderID]],'Courier company invoice'!B:B,'Courier company invoice'!H:H) -> 135 | P18: =Table1[[#This Row],[Billing Amount]]-Table1[[#This Row],[Expected charges]] -> 89.6 | Q18: {=_xlfn.IFS(Table1[[#This Row],[Billing Amount]]>Table1[[#This Row],[Expected charges]],"Over Charged",Table1[[#This Row],[Billing Amount]]<Table1[[#This Row],[Expected charges]],"Under Charged",Table1[[#This Row],[Billing Amount]]=Table1[[#This Row],[Expected charges]],"Correctly Charged")} -> Over Charged
A19: 2001822466 | B19: =Table1[[#This Row],[Order ID]]*1 -> 2001822466 | C19: 8904223819291 | D19: 8 | E19: =_xlfn.XLOOKUP(Table1[[#This Row],[SKU (Product Code)]],'SKU Master'!A:A,'SKU Master'!B:B) -> 112 | F19: =Table1[[#This Row],[Product weight]]*Table1[[#This Row],[Order Qty]] -> 896 | G19: =Table1[[#This Row],[Weight per order (g)]]/1000 -> 0.896 | H19: =CEILING(Table1[[#This Row],[Weight per order (Kg)]],0.5) -> 1 | I19: =_xlfn.XLOOKUP(Table1[[#This Row],[OrderID]],'Courier company invoice'!B:B,'Courier company invoice'!F:F) -> d | J19: =_xlfn.XLOOKUP(Table1[[#This Row],[OrderID]],Table2[Order ID],Table2[Type of Shipment],"Not Found") -> Forward charges | K19: =INDEX(Sheet1[],1,MATCH("fwd_"&Table1[[#This Row],[Zone]]&"_fixed",Sheet1[#Headers],0)) -> 45.4 | L19: =INDEX(Sheet1[],1,MATCH("fwd_"&Table1[[#This Row],[Zone]]&"_additional",Sheet1[#Headers],0)) -> 44.8 | M19: =(Table1[[#This Row],[Weight slab]]-0.5)/0.5 -> 1 | N19: =Table1[[#This Row],[Fixed_Charges]]+Table1[[#This Row],[No_of_Extra_slabs]]*Table1[[#This Row],[Additional_Charges]] -> 90.2 | O19: =_xlfn.XLOOKUP(Table1[[#This Row],[OrderID]],'Courier company invoice'!B:B,'Courier company invoice'!H:H) -> 135 | P19: =Table1[[#This Row],[Billing Amount]]-Table1[[#This Row],[Expected charges]] -> 44.8 | Q19: {=_xlfn.IFS(Table1[[#This Row],[Billing Amount]]>Table1[[#This Row],[Expected charges]],"Over Charged",Table1[[#This Row],[Billing Amount]]<Table1[[#This Row],[Expected charges]],"Under Charged",Table1[[#This Row],[Billing Amount]]=Table1[[#This Row],[Expected charges]],"Correctly Charged")} -> Over Charged
A20: 2001821995 | B20: =Table1[[#This Row],[Order ID]]*1 -> 2001821995 | C20: 8904223819130 | D20: 1 | E20: =_xlfn.XLOOKUP(Table1[[#This Row],[SKU (Product Code)]],'SKU Master'!A:A,'SKU Master'!B:B) -> 350 | F20: =Table1[[#This Row],[Product weight]]*Table1[[#This Row],[Order Qty]] -> 350 | G20: =Table1[[#This Row],[Weight per order (g)]]/1000 -> 0.35 | H20: =CEILING(Table1[[#This Row],[Weight per order (Kg)]],0.5) -> 0.5 | I20: =_xlfn.XLOOKUP(Table1[[#This Row],[OrderID]],'Courier company invoice'!B:B,'Courier company invoice'!F:F) -> d | J20: =_xlfn.XLOOKUP(Table1[[#This Row],[OrderID]],Table2[Order ID],Table2[Type of Shipment],"Not Found") -> Forward charges | K20: =INDEX(Sheet1[],1,MATCH("fwd_"&Table1[[#This Row],[Zone]]&"_fixed",Sheet1[#Headers],0)) -> 45.4 | L20: =INDEX(Sheet1[],1,MATCH("fwd_"&Table1[[#This Row],[Zone]]&"_additional",Sheet1[#Headers],0)) -> 44.8 | M20: =(Table1[[#This Row],[Weight slab]]-0.5)/0.5 -> 0 | N20: =Table1[[#This Row],[Fixed_Charges]]+Table1[[#This Row],[No_of_Extra_slabs]]*Table1[[#This Row],[Additional_Charges]] -> 45.4 | O20: =_xlfn.XLOOKUP(Table1[[#This Row],[OrderID]],'Courier company invoice'!B:B,'Courier company invoice'!H:H) -> 45.4 | P20: =Table1[[#This Row],[Billing Amount]]-Table1[[#This Row],[Expected charges]] -> 0 | Q20: {=_xlfn.IFS(Table1[[#This Row],[Billing Amount]]>Table1[[#This Row],[Expected charges]],"Over Charged",Table1[[#This Row],[Billing Amount]]<Table1[[#This Row],[Expected charges]],"Under Charged",Table1[[#This Row],[Billing Amount]]=Table1[[#This Row],[Expected charges]],"Correctly Charged")} -> Correctly Charged
A21: 2001821995 | B21: =Table1[[#This Row],[Order ID]]*1 -> 2001821995 | C21: 8904223818706 | D21: 1 | E21: =_xlfn.XLOOKUP(Table1[[#This Row],[SKU (Product Code)]],'SKU Master'!A:A,'SKU Master'!B:B) -> 127 | F21: =Table1[[#This Row],[Product weight]]*Table1[[#This Row],[Order Qty]] -> 127 | G21: =Table1[[#This Row],[Weight per order (g)]]/1000 -> 0.127 | H21: =CEILING(Table1[[#This Row],[Weight per order (Kg)]],0.5) -> 0.5 | I21: =_xlfn.XLOOKUP(Table1[[#This Row],[OrderID]],'Courier company invoice'!B:B,'Courier company invoice'!F:F) -> d | J21: =_xlfn.XLOOKUP(Table1[[#This Row],[OrderID]],Table2[Order ID],Table2[Type of Shipment],"Not Found") -> Forward charges | K21: =INDEX(Sheet1[],1,MATCH("fwd_"&Table1[[#This Row],[Zone]]&"_fixed",Sheet1[#Headers],0)) -> 45.4 | L21: =INDEX(Sheet1[],1,MATCH("fwd_"&Table1[[#This Row],[Zone]]&"_additional",Sheet1[#Headers],0)) -> 44.8 | M21: =(Table1[[#This Row],[Weight slab]]-0.5)/0.5 -> 0 | N21: =Table1[[#This Row],[Fixed_Charges]]+Table1[[#This Row],[No_of_Extra_slabs]]*Table1[[#This Row],[Additional_Charges]] -> 45.4 | O21: =_xlfn.XLOOKUP(Table1[[#This Row],[OrderID]],'Courier company invoice'!B:B,'Courier company invoice'!H:H) -> 45.4 | P21: =Table1[[#This Row],[Billing Amount]]-Table1[[#This Row],[Expected charges]] -> 0 | Q21: {=_xlfn.IFS(Table1[[#This Row],[Billing Amount]]>Table1[[#This Row],[Expected charges]],"Over Charged",Table1[[#This Row],[Billing Amount]]<Table1[[#This Row],[Expected charges]],"Under Charged",Table1[[#This Row],[Billing Amount]]=Table1[[#This Row],[Expected charges]],"Correctly Charged")} -> Correctly Charged
A22: 2001821766 | B22: =Table1[[#This Row],[Order ID]]*1 -> 2001821766 | C22: 8904223818591 | D22: 2 | E22: =_xlfn.XLOOKUP(Table1[[#This Row],[SKU (Product Code)]],'SKU Master'!A:A,'SKU Master'!B:B) -> 120 | F22: =Table1[[#This Row],[Product weight]]*Table1[[#This Row],[Order Qty]] -> 240 | G22: =Table1[[#This Row],[Weight per order (g)]]/1000 -> 0.24 | H22: =CEILING(Table1[[#This Row],[Weight per order (Kg)]],0.5) -> 0.5 | I22: =_xlfn.XLOOKUP(Table1[[#This Row],[OrderID]],'Courier company invoice'!B:B,'Courier company invoice'!F:F) -> d | J22: =_xlfn.XLOOKUP(Table1[[#This Row],[OrderID]],Table2[Order ID],Table2[Type of Shipment],"Not Found") -> Forward charges | K22: =INDEX(Sheet1[],1,MATCH("fwd_"&Table1[[#This Row],[Zone]]&"_fixed",Sheet1[#Headers],0)) -> 45.4 | L22: =INDEX(Sheet1[],1,MATCH("fwd_"&Table1[[#This Row],[Zone]]&"_additional",Sheet1[#Headers],0)) -> 44.8 | M22: =(Table1[[#This Row],[Weight slab]]-0.5)/0.5 -> 0 | N22: =Table1[[#This Row],[Fixed_Charges]]+Table1[[#This Row],[No_of_Extra_slabs]]*Table1[[#This Row],[Additional_Charges]] -> 45.4 | O22: =_xlfn.XLOOKUP(Table1[[#This Row],[OrderID]],'Courier company invoice'!B:B,'Courier company invoice'!H:H) -> 45.4 | P22: =Table1[[#This Row],[Billing Amount]]-Table1[[#This Row],[Expected charges]] -> 0 | Q22: {=_xlfn.IFS(Table1[[#This Row],[Billing Amount]]>Table1[[#This Row],[Expected charges]],"Over Charged",Table1[[#This Row],[Billing Amount]]<Table1[[#This Row],[Expected charges]],"Under Charged",Table1[[#This Row],[Billing Amount]]=Table1[[#This Row],[Expected charges]],"Correctly Charged")} -> Correctly Charged
A23: 2001821750 | B23: =Table1[[#This Row],[Order ID]]*1 -> 2001821750 | C23: 8904223818850 | D23: 1 | E23: =_xlfn.XLOOKUP(Table1[[#This Row],[SKU (Product Code)]],'SKU Master'!A:A,'SKU Master'!B:B) -> 240 | F23: =Table1[[#This Row],[Product weight]]*Table1[[#This Row],[Order Qty]] -> 240 | G23: =Table1[[#This Row],[Weight per order (g)]]/1000 -> 0.24 | H23: =CEILING(Table1[[#This Row],[Weight per order (Kg)]],0.5) -> 0.5 | I23: =_xlfn.XLOOKUP(Table1[[#This Row],[OrderID]],'Courier company invoice'!B:B,'Courier company invoice'!F:F) -> d | J23: =_xlfn.XLOOKUP(Table1[[#This Row],[OrderID]],Table2[Order ID],Table2[Type of Shipment],"Not Found") -> Forward charges | K23: =INDEX(Sheet1[],1,MATCH("fwd_"&Table1[[#This Row],[Zone]]&"_fixed",Sheet1[#Headers],0)) -> 45.4 | L23: =INDEX(Sheet1[],1,MATCH("fwd_"&Table1[[#This Row],[Zone]]&"_additional",Sheet1[#Headers],0)) -> 44.8 | M23: =(Table1[[#This Row],[Weight slab]]-0.5)/0.5 -> 0 | N23: =Table1[[#This Row],[Fixed_Charges]]+Table1[[#This Row],[No_of_Extra_slabs]]*Table1[[#This Row],[Additional_Charges]] -> 45.4 | O23: =_xlfn.XLOOKUP(Table1[[#This Row],[OrderID]],'Courier company invoice'!B:B,'Courier company invoice'!H:H) -> 90.2 | P23: =Table1[[#This Row],[Billing Amount]]-Table1[[#This Row],[Expected charges]] -> 44.8 | Q23: {=_xlfn.IFS(Table1[[#This Row],[Billing Amount]]>Table1[[#This Row],[Expected charges]],"Over Charged",Table1[[#This Row],[Billing Amount]]<Table1[[#This Row],[Expected charges]],"Under Charged",Table1[[#This Row],[Billing Amount]]=Table1[[#This Row],[Expected charges]],"Correctly Charged")} -> Over Charged
A24: 2001821750 | B24: =Table1[[#This Row],[Order ID]]*1 -> 2001821750 | C24: 8904223818430 | D24: 1 | E24: =_xlfn.XLOOKUP(Table1[[#This Row],[SKU (Product Code)]],'SKU Master'!A:A,'SKU Master'!B:B) -> 165 | F24: =Table1[[#This Row],[Product weight]]*Table1[[#This Row],[Order Qty]] -> 165 | G24: =Table1[[#This Row],[Weight per order (g)]]/1000 -> 0.165 | H24: =CEILING(Table1[[#This Row],[Weight per order (Kg)]],0.5) -> 0.5 | I24: =_xlfn.XLOOKUP(Table1[[#This Row],[OrderID]],'Courier company invoice'!B:B,'Courier company invoice'!F:F) -> d | J24: =_xlfn.XLOOKUP(Table1[[#This Row],[OrderID]],Table2[Order ID],Table2[Type of Shipment],"Not Found") -> Forward charges | K24: =INDEX(Sheet1[],1,MATCH("fwd_"&Table1[[#This Row],[Zone]]&"_fixed",Sheet1[#Headers],0)) -> 45.4 | L24: =INDEX(Sheet1[],1,MATCH("fwd_"&Table1[[#This Row],[Zone]]&"_additional",Sheet1[#Headers],0)) -> 44.8 | M24: =(Table1[[#This Row],[Weight slab]]-0.5)/0.5 -> 0 | N24: =Table1[[#This Row],[Fixed_Charges]]+Table1[[#This Row],[No_of_Extra_slabs]]*Table1[[#This Row],[Additional_Charges]] -> 45.4 | O24: =_xlfn.XLOOKUP(Table1[[#This Row],[OrderID]],'Courier company invoice'!B:B,'Courier company invoice'!H:H) -> 90.2 | P24: =Table1[[#This Row],[Billing Amount]]-Table1[[#This Row],[Expected charges]] -> 44.8 | Q24: {=_xlfn.IFS(Table1[[#This Row],[Billing Amount]]>Table1[[#This Row],[Expected charges]],"Over Charged",Table1[[#This Row],[Billing Amount]]<Table1[[#This Row],[Expected charges]],"Under Charged",Table1[[#This Row],[Billing Amount]]=Table1[[#This Row],[Expected charges]],"Correctly Charged")} -> Over Charged
A25: 2001821750 | B25: =Table1[[#This Row],[Order ID]]*1 -> 2001821750 | C25: 8904223819130 | D25: 1 | E25: =_xlfn.XLOOKUP(Table1[[#This Row],[SKU (Product Code)]],'SKU Master'!A:A,'SKU Master'!B:B) -> 350 | F25: =Table1[[#This Row],[Product weight]]*Table1[[#This Row],[Order Qty]] -> 350 | G25: =Table1[[#This Row],[Weight per order (g)]]/1000 -> 0.35 | H25: =CEILING(Table1[[#This Row],[Weight per order (Kg)]],0.5) -> 0.5 | I25: =_xlfn.XLOOKUP(Table1[[#This Row],[OrderID]],'Courier company invoice'!B:B,'Courier company invoice'!F:F) -> d | J25: =_xlfn.XLOOKUP(Table1[[#This Row],[OrderID]],Table2[Order ID],Table2[Type of Shipment],"Not Found") -> Forward charges | K25: =INDEX(Sheet1[],1,MATCH("fwd_"&Table1[[#This Row],[Zone]]&"_fixed",Sheet1[#Headers],0)) -> 45.4 | L25: =INDEX(Sheet1[],1,MATCH("fwd_"&Table1[[#This Row],[Zone]]&"_additional",Sheet1[#Headers],0)) -> 44.8 | M25: =(Table1[[#This Row],[Weight slab]]-0.5)/0.5 -> 0 | N25: =Table1[[#This Row],[Fixed_Charges]]+Table1[[#This Row],[No_of_Extra_slabs]]*Table1[[#This Row],[Additional_Charges]] -> 45.4 | O25: =_xlfn.XLOOKUP(Table1[[#This Row],[OrderID]],'Courier company invoice'!B:B,'Courier company invoice'!H:H) -> 90.2 | P25: =Table1[[#This Row],[Billing Amount]]-Table1[[#This Row],[Expected charges]] -> 44.8 | Q25: {=_xlfn.IFS(Table1[[#This Row],[Billing Amount]]>Table1[[#This Row],[Expected charges]],"Over Charged",Table1[[#This Row],[Billing Amount]]<Table1[[#This Row],[Expected charges]],"Under Charged",Table1[[#This Row],[Billing Amount]]=Table1[[#This Row],[Expected charges]],"Correctly Charged")} -> Over Charged
A26: 2001821742 | B26: =Table1[[#This Row],[Order ID]]*1 -> 2001821742 | C26: 8904223819468 | D26: 1 | E26: =_xlfn.XLOOKUP(Table1[[#This Row],[SKU (Product Code)]],'SKU Master'!A:A,'SKU Master'!B:B) -> 240 | F26: =Table1[[#This Row],[Product weight]]*Table1[[#This Row],[Order Qty]] -> 240 | G26: =Table1[[#This Row],[Weight per order (g)]]/1000 -> 0.24 | H26: =CEILING(Table1[[#This Row],[Weight per order (Kg)]],0.5) -> 0.5 | I26: =_xlfn.XLOOKUP(Table1[[#This Row],[OrderID]],'Courier company invoice'!B:B,'Courier company invoice'!F:F) -> d | J26: =_xlfn.XLOOKUP(Table1[[#This Row],[OrderID]],Table2[Order ID],Table2[Type of Shipment],"Not Found") -> Forward charges | K26: =INDEX(Sheet1[],1,MATCH("fwd_"&Table1[[#This Row],[Zone]]&"_fixed",Sheet1[#Headers],0)) -> 45.4 | L26: =INDEX(Sheet1[],1,MATCH("fwd_"&Table1[[#This Row],[Zone]]&"_additional",Sheet1[#Headers],0)) -> 44.8 | M26: =(Table1[[#This Row],[Weight slab]]-0.5)/0.5 -> 0 | N26: =Table1[[#This Row],[Fixed_Charges]]+Table1[[#This Row],[No_of_Extra_slabs]]*Table1[[#This Row],[Additional_Charges]] -> 45.4 | O26: =_xlfn.XLOOKUP(Table1[[#This Row],[OrderID]],'Courier company invoice'!B:B,'Courier company invoice'!H:H) -> 45.4 | P26: =Table1[[#This Row],[Billing Amount]]-Table1[[#This Row],[Expected charges]] -> 0 | Q26: {=_xlfn.IFS(Table1[[#This Row],[Billing Amount]]>Table1[[#This Row],[Expected charges]],"Over Charged",Table1[[#This Row],[Billing Amount]]<Table1[[#This Row],[Expected charges]],"Under Charged",Table1[[#This Row],[Billing Amount]]=Table1[[#This Row],[Expected charges]],"Correctly Charged")} -> Correctly Charged
... A47: 2001819252 | B47: =Table1[[#This Row],[Order ID]]*1 -> 2001819252 | C47: 8904223818706 | D47: 1 | E47: =_xlfn.XLOOKUP(Table1[[#This Row],[SKU (Product Code)]],'SKU Master'!A:A,'SKU Master'!B:B) -> 127 | F47: =Table1[[#This Row],[Product weight]]*Table1[[#This Row],[Order Qty]] -> 127 | G47: =Table1[[#This Row],[Weight per order (g)]]/1000 -> 0.127 | H47: =CEILING(Table1[[#This Row],[Weight per order (Kg)]],0.5) -> 0.5 | I47: =_xlfn.XLOOKUP(Table1[[#This Row],[OrderID]],'Courier company invoice'!B:B,'Courier company invoice'!F:F) -> b | J47: =_xlfn.XLOOKUP(Table1[[#This Row],[OrderID]],Table2[Order ID],Table2[Type of Shipment],"Not Found") -> Forward charges | K47: =INDEX(Sheet1[],1,MATCH("fwd_"&Table1[[#This Row],[Zone]]&"_fixed",Sheet1[#Headers],0)) -> 33 | L47: =INDEX(Sheet1[],1,MATCH("fwd_"&Table1[[#This Row],[Zone]]&"_additional",Sheet1[#Headers],0)) -> 28.3 | M47: =(Table1[[#This Row],[Weight slab]]-0.5)/0.5 -> 0 | N47: =Table1[[#This Row],[Fixed_Charges]]+Table1[[#This Row],[No_of_Extra_slabs]]*Table1[[#This Row],[Additional_Charges]] -> 33 | O47: =_xlfn.XLOOKUP(Table1[[#This Row],[OrderID]],'Courier company invoice'!B:B,'Courier company invoice'!H:H) -> 33 | P47: =Table1[[#This Row],[Billing Amount]]-Table1[[#This Row],[Expected charges]] -> 0 | Q47: {=_xlfn.IFS(Table1[[#This Row],[Billing Amount]]>Table1[[#This Row],[Expected charges]],"Over Charged",Table1[[#This Row],[Billing Amount]]<Table1[[#This Row],[Expected charges]],"Under Charged",Table1[[#This Row],[Billing Amount]]=Table1[[#This Row],[Expected charges]],"Correctly Charged")} -> Correctly Charged
A48: 2001819252 | B48: =Table1[[#This Row],[Order ID]]*1 -> 2001819252 | C48: SACHETS001 | D48: 1 | E48: =_xlfn.XLOOKUP(Table1[[#This Row],[SKU (Product Code)]],'SKU Master'!A:A,'SKU Master'!B:B) -> 10 | F48: =Table1[[#This Row],[Product weight]]*Table1[[#This Row],[Order Qty]] -> 10 | G48: =Table1[[#This Row],[Weight per order (g)]]/1000 -> 0.01 | H48: =CEILING(Table1[[#This Row],[Weight per order (Kg)]],0.5) -> 0.5 | I48: =_xlfn.XLOOKUP(Table1[[#This Row],[OrderID]],'Courier company invoice'!B:B,'Courier company invoice'!F:F) -> b | J48: =_xlfn.XLOOKUP(Table1[[#This Row],[OrderID]],Table2[Order ID],Table2[Type of Shipment],"Not Found") -> Forward charges | K48: =INDEX(Sheet1[],1,MATCH("fwd_"&Table1[[#This Row],[Zone]]&"_fixed",Sheet1[#Headers],0)) -> 33 | L48: =INDEX(Sheet1[],1,MATCH("fwd_"&Table1[[#This Row],[Zone]]&"_additional",Sheet1[#Headers],0)) -> 28.3 | M48: =(Table1[[#This Row],[Weight slab]]-0.5)/0.5 -> 0 | N48: =Table1[[#This Row],[Fixed_Charges]]+Table1[[#This Row],[No_of_Extra_slabs]]*Table1[[#This Row],[Additional_Charges]] -> 33 | O48: =_xlfn.XLOOKUP(Table1[[#This Row],[OrderID]],'Courier company invoice'!B:B,'Courier company invoice'!H:H) -> 33 | P48: =Table1[[#This Row],[Billing Amount]]-Table1[[#This Row],[Expected charges]] -> 0 | Q48: {=_xlfn.IFS(Table1[[#This Row],[Billing Amount]]>Table1[[#This Row],[Expected charges]],"Over Charged",Table1[[#This Row],[Billing Amount]]<Table1[[#This Row],[Expected charges]],"Under Charged",Table1[[#This Row],[Billing Amount]]=Table1[[#This Row],[Expected charges]],"Correctly Charged")} -> Correctly Charged
A49: 2001818390 | B49: =Table1[[#This Row],[Order ID]]*1 -> 2001818390 | C49: 8904223819147 | D49: 1 | E49: =_xlfn.XLOOKUP(Table1[[#This Row],[SKU (Product Code)]],'SKU Master'!A:A,'SKU Master'!B:B) -> 240 | F49: =Table1[[#This Row],[Product weight]]*Table1[[#This Row],[Order Qty]] -> 240 | G49: =Table1[[#This Row],[Weight per order (g)]]/1000 -> 0.24 | H49: =CEILING(Table1[[#This Row],[Weight per order (Kg)]],0.5) -> 0.5 | I49: =_xlfn.XLOOKUP(Table1[[#This Row],[OrderID]],'Courier company invoice'!B:B,'Courier company invoice'!F:F) -> e | J49: =_xlfn.XLOOKUP(Table1[[#This Row],[OrderID]],Table2[Order ID],Table2[Type of Shipment],"Not Found") -> Forward and RTO charges | K49: =INDEX(Sheet1[],1,MATCH("fwd_"&Table1[[#This Row],[Zone]]&"_fixed",Sheet1[#Headers],0)) -> 56.6 | L49: =INDEX(Sheet1[],1,MATCH("fwd_"&Table1[[#This Row],[Zone]]&"_additional",Sheet1[#Headers],0)) -> 55.5 | M49: =(Table1[[#This Row],[Weight slab]]-0.5)/0.5 -> 0 | N49: =Table1[[#This Row],[Fixed_Charges]]+Table1[[#This Row],[No_of_Extra_slabs]]*Table1[[#This Row],[Additional_Charges]] -> 56.6 | O49: =_xlfn.XLOOKUP(Table1[[#This Row],[OrderID]],'Courier company invoice'!B:B,'Courier company invoice'!H:H) -> 213.5 | P49: =Table1[[#This Row],[Billing Amount]]-Table1[[#This Row],[Expected charges]] -> 156.9 | Q49: {=_xlfn.IFS(Table1[[#This Row],[Billing Amount]]>Table1[[#This Row],[Expected charges]],"Over Charged",Table1[[#This Row],[Billing Amount]]<Table1[[#This Row],[Expected charges]],"Under Charged",Table1[[#This Row],[Billing Amount]]=Table1[[#This Row],[Expected charges]],"Correctly Charged")} -> Over Charged
A50: 2001818390 | B50: =Table1[[#This Row],[Order ID]]*1 -> 2001818390 | C50: 8904223818935 | D50: 4 | E50: =_xlfn.XLOOKUP(Table1[[#This Row],[SKU (Product Code)]],'SKU Master'!A:A,'SKU Master'!B:B) -> 120 | F50: =Table1[[#This Row],[Product weight]]*Table1[[#This Row],[Order Qty]] -> 480 | G50: =Table1[[#This Row],[Weight per order (g)]]/1000 -> 0.48 | H50: =CEILING(Table1[[#This Row],[Weight per order (Kg)]],0.5) -> 0.5 | I50: =_xlfn.XLOOKUP(Table1[[#This Row],[OrderID]],'Courier company invoice'!B:B,'Courier company invoice'!F:F) -> e | J50: =_xlfn.XLOOKUP(Table1[[#This Row],[OrderID]],Table2[Order ID],Table2[Type of Shipment],"Not Found") -> Forward and RTO charges | K50: =INDEX(Sheet1[],1,MATCH("fwd_"&Table1[[#This Row],[Zone]]&"_fixed",Sheet1[#Headers],0)) -> 56.6 | L50: =INDEX(Sheet1[],1,MATCH("fwd_"&Table1[[#This Row],[Zone]]&"_additional",Sheet1[#Headers],0)) -> 55.5 | M50: =(Table1[[#This Row],[Weight slab]]-0.5)/0.5 -> 0 | N50: =Table1[[#This Row],[Fixed_Charges]]+Table1[[#This Row],[No_of_Extra_slabs]]*Table1[[#This Row],[Additional_Charges]] -> 56.6 | O50: =_xlfn.XLOOKUP(Table1[[#This Row],[OrderID]],'Courier company invoice'!B:B,'Courier company invoice'!H:H) -> 213.5 | P50: =Table1[[#This Row],[Billing Amount]]-Table1[[#This Row],[Expected charges]] -> 156.9 | Q50: {=_xlfn.IFS(Table1[[#This Row],[Billing Amount]]>Table1[[#This Row],[Expected charges]],"Over Charged",Table1[[#This Row],[Billing Amount]]<Table1[[#This Row],[Expected charges]],"Under Charged",Table1[[#This Row],[Billing Amount]]=Table1[[#This Row],[Expected charges]],"Correctly Charged")} -> Over Charged
A51: 2001818390 | B51: =Table1[[#This Row],[Order ID]]*1 -> 2001818390 | C51: 8904223818683 | D51: 1 | E51: =_xlfn.XLOOKUP(Table1[[#This Row],[SKU (Product Code)]],'SKU Master'!A:A,'SKU Master'!B:B) -> 121 | F51: =Table1[[#This Row],[Product weight]]*Table1[[#This Row],[Order Qty]] -> 121 | G51: =Table1[[#This Row],[Weight per order (g)]]/1000 -> 0.121 | H51: =CEILING(Table1[[#This Row],[Weight per order (Kg)]],0.5) -> 0.5 | I51: =_xlfn.XLOOKUP(Table1[[#This Row],[OrderID]],'Courier company invoice'!B:B,'Courier company invoice'!F:F) -> e | J51: =_xlfn.XLOOKUP(Table1[[#This Row],[OrderID]],Table2[Order ID],Table2[Type of Shipment],"Not Found") -> Forward and RTO charges | K51: =INDEX(Sheet1[],1,MATCH("fwd_"&Table1[[#This Row],[Zone]]&"_fixed",Sheet1[#Headers],0)) -> 56.6 | L51: =INDEX(Sheet1[],1,MATCH("fwd_"&Table1[[#This Row],[Zone]]&"_additional",Sheet1[#Headers],0)) -> 55.5 | M51: =(Table1[[#This Row],[Weight slab]]-0.5)/0.5 -> 0 | N51: =Table1[[#This Row],[Fixed_Charges]]+Table1[[#This Row],[No_of_Extra_slabs]]*Table1[[#This Row],[Additional_Charges]] -> 56.6 | O51: =_xlfn.XLOOKUP(Table1[[#This Row],[OrderID]],'Courier company invoice'!B:B,'Courier company invoice'!H:H) -> 213.5 | P51: =Table1[[#This Row],[Billing Amount]]-Table1[[#This Row],[Expected charges]] -> 156.9 | Q51: {=_xlfn.IFS(Table1[[#This Row],[Billing Amount]]>Table1[[#This Row],[Expected charges]],"Over Charged",Table1[[#This Row],[Billing Amount]]<Table1[[#This Row],[Expected charges]],"Under Charged",Table1[[#This Row],[Billing Amount]]=Table1[[#This Row],[Expected charges]],"Correctly Charged")} -> Over Charged
A52: 2001817160 | B52: =Table1[[#This Row],[Order ID]]*1 -> 2001817160 | C52: 8904223818478 | D52: 1 | E52: =_xlfn.XLOOKUP(Table1[[#This Row],[SKU (Product Code)]],'SKU Master'!A:A,'SKU Master'!B:B) -> 350 | F52: =Table1[[#This Row],[Product weight]]*Table1[[#This Row],[Order Qty]] -> 350 | G52: =Table1[[#This Row],[Weight per order (g)]]/1000 -> 0.35 | H52: =CEILING(Table1[[#This Row],[Weight per order (Kg)]],0.5) -> 0.5 | I52: =_xlfn.XLOOKUP(Table1[[#This Row],[OrderID]],'Courier company invoice'!B:B,'Courier company invoice'!F:F) -> d | J52: =_xlfn.XLOOKUP(Table1[[#This Row],[OrderID]],Table2[Order ID],Table2[Type of Shipment],"Not Found") -> Forward and RTO charges | K52: =INDEX(Sheet1[],1,MATCH("fwd_"&Table1[[#This Row],[Zone]]&"_fixed",Sheet1[#Headers],0)) -> 45.4 | L52: =INDEX(Sheet1[],1,MATCH("fwd_"&Table1[[#This Row],[Zone]]&"_additional",Sheet1[#Headers],0)) -> 44.8 | M52: =(Table1[[#This Row],[Weight slab]]-0.5)/0.5 -> 0 | N52: =Table1[[#This Row],[Fixed_Charges]]+Table1[[#This Row],[No_of_Extra_slabs]]*Table1[[#This Row],[Additional_Charges]] -> 45.4 | O52: =_xlfn.XLOOKUP(Table1[[#This Row],[OrderID]],'Courier company invoice'!B:B,'Courier company invoice'!H:H) -> 172.8 | P52: =Table1[[#This Row],[Billing Amount]]-Table1[[#This Row],[Expected charges]] -> 127.4 | Q52: {=_xlfn.IFS(Table1[[#This Row],[Billing Amount]]>Table1[[#This Row],[Expected charges]],"Over Charged",Table1[[#This Row],[Billing Amount]]<Table1[[#This Row],[Expected charges]],"Under Charged",Table1[[#This Row],[Billing Amount]]=Table1[[#This Row],[Expected charges]],"Correctly Charged")} -> Over Charged
A53: 2001817160 | B53: =Table1[[#This Row],[Order ID]]*1 -> 2001817160 | C53: 8904223819284 | D53: 1 | E53: =_xlfn.XLOOKUP(Table1[[#This Row],[SKU (Product Code)]],'SKU Master'!A:A,'SKU Master'!B:B) -> 350 | F53: =Table1[[#This Row],[Product weight]]*Table1[[#This Row],[Order Qty]] -> 350 | G53: =Table1[[#This Row],[Weight per order (g)]]/1000 -> 0.35 | H53: =CEILING(Table1[[#This Row],[Weight per order (Kg)]],0.5) -> 0.5 | I53: =_xlfn.XLOOKUP(Table1[[#This Row],[OrderID]],'Courier company invoice'!B:B,'Courier company invoice'!F:F) -> d | J53: =_xlfn.XLOOKUP(Table1[[#This Row],[OrderID]],Table2[Order ID],Table2[Type of Shipment],"Not Found") -> Forward and RTO charges | K53: =INDEX(Sheet1[],1,MATCH("fwd_"&Table1[[#This Row],[Zone]]&"_fixed",Sheet1[#Headers],0)) -> 45.4 | L53: =INDEX(Sheet1[],1,MATCH("fwd_"&Table1[[#This Row],[Zone]]&"_additional",Sheet1[#Headers],0)) -> 44.8 | M53: =(Table1[[#This Row],[Weight slab]]-0.5)/0.5 -> 0 | N53: =Table1[[#This Row],[Fixed_Charges]]+Table1[[#This Row],[No_of_Extra_slabs]]*Table1[[#This Row],[Additional_Charges]] -> 45.4 | O53: =_xlfn.XLOOKUP(Table1[[#This Row],[OrderID]],'Courier company invoice'!B:B,'Courier company invoice'!H:H) -> 172.8 | P53: =Table1[[#This Row],[Billing Amount]]-Table1[[#This Row],[Expected charges]] -> 127.4 | Q53: {=_xlfn.IFS(Table1[[#This Row],[Billing Amount]]>Table1[[#This Row],[Expected charges]],"Over Charged",Table1[[#This Row],[Billing Amount]]<Table1[[#This Row],[Expected charges]],"Under Charged",Table1[[#This Row],[Billing Amount]]=Table1[[#This Row],[Expected charges]],"Correctly Charged")} -> Over Charged
A54: 2001817093 | B54: =Table1[[#This Row],[Order ID]]*1 -> 2001817093 | C54: 8904223816214 | D54: 1 | E54: =_xlfn.XLOOKUP(Table1[[#This Row],[SKU (Product Code)]],'SKU Master'!A:A,'SKU Master'!B:B) -> 120 | F54: =Table1[[#This Row],[Product weight]]*Table1[[#This Row],[Order Qty]] -> 120 | G54: =Table1[[#This Row],[Weight per order (g)]]/1000 -> 0.12 | H54: =CEILING(Table1[[#This Row],[Weight per order (Kg)]],0.5) -> 0.5 | I54: =_xlfn.XLOOKUP(Table1[[#This Row],[OrderID]],'Courier company invoice'!B:B,'Courier company invoice'!F:F) -> b | J54: =_xlfn.XLOOKUP(Table1[[#This Row],[OrderID]],Table2[Order ID],Table2[Type of Shipment],"Not Found") -> Forward and RTO charges | K54: =INDEX(Sheet1[],1,MATCH("fwd_"&Table1[[#This Row],[Zone]]&"_fixed",Sheet1[#Headers],0)) -> 33 | L54: =INDEX(Sheet1[],1,MATCH("fwd_"&Table1[[#This Row],[Zone]]&"_additional",Sheet1[#Headers],0)) -> 28.3 | M54: =(Table1[[#This Row],[Weight slab]]-0.5)/0.5 -> 0 | N54: =Table1[[#This Row],[Fixed_Charges]]+Table1[[#This Row],[No_of_Extra_slabs]]*Table1[[#This Row],[Additional_Charges]] -> 33 | O54: =_xlfn.XLOOKUP(Table1[[#This Row],[OrderID]],'Courier company invoice'!B:B,'Courier company invoice'!H:H) -> 151.1 | P54: =Table1[[#This Row],[Billing Amount]]-Table1[[#This Row],[Expected charges]] -> 118.1 | Q54: {=_xlfn.IFS(Table1[[#This Row],[Billing Amount]]>Table1[[#This Row],[Expected charges]],"Over Charged",Table1[[#This Row],[Billing Amount]]<Table1[[#This Row],[Expected charges]],"Under Charged",Table1[[#This Row],[Billing Amount]]=Table1[[#This Row],[Expected charges]],"Correctly Charged")} -> Over Charged
A55: 2001817093 | B55: =Table1[[#This Row],[Order ID]]*1 -> 2001817093 | C55: 8904223818874 | D55: 1 | E55: =_xlfn.XLOOKUP(Table1[[#This Row],[SKU (Product Code)]],'SKU Master'!A:A,'SKU Master'!B:B) -> 100 | F55: =Table1[[#This Row],[Product weight]]*Table1[[#This Row],[Order Qty]] -> 100 | G55: =Table1[[#This Row],[Weight per order (g)]]/1000 -> 0.1 | H55: =CEILING(Table1[[#This Row],[Weight per order (Kg)]],0.5) -> 0.5 | I55: =_xlfn.XLOOKUP(Table1[[#This Row],[OrderID]],'Courier company invoice'!B:B,'Courier company invoice'!F:F) -> b | J55: =_xlfn.XLOOKUP(Table1[[#This Row],[OrderID]],Table2[Order ID],Table2[Type of Shipment],"Not Found") -> Forward and RTO charges | K55: =INDEX(Sheet1[],1,MATCH("fwd_"&Table1[[#This Row],[Zone]]&"_fixed",Sheet1[#Headers],0)) -> 33 | L55: =INDEX(Sheet1[],1,MATCH("fwd_"&Table1[[#This Row],[Zone]]&"_additional",Sheet1[#Headers],0)) -> 28.3 | M55: =(Table1[[#This Row],[Weight slab]]-0.5)/0.5 -> 0 | N55: =Table1[[#This Row],[Fixed_Charges]]+Table1[[#This Row],[No_of_Extra_slabs]]*Table1[[#This Row],[Additional_Charges]] -> 33 | O55: =_xlfn.XLOOKUP(Table1[[#This Row],[OrderID]],'Courier company invoice'!B:B,'Courier company invoice'!H:H) -> 151.1 | P55: =Table1[[#This Row],[Billing Amount]]-Table1[[#This Row],[Expected charges]] -> 118.1 | Q55: {=_xlfn.IFS(Table1[[#This Row],[Billing Amount]]>Table1[[#This Row],[Expected charges]],"Over Charged",Table1[[#This Row],[Billing Amount]]<Table1[[#This Row],[Expected charges]],"Under Charged",Table1[[#This Row],[Billing Amount]]=Table1[[#This Row],[Expected charges]],"Correctly Charged")} -> Over Charged
A56: 2001817093 | B56: =Table1[[#This Row],[Order ID]]*1 -> 2001817093 | C56: 8904223819512 | D56: 1 | E56: =_xlfn.XLOOKUP(Table1[[#This Row],[SKU (Product Code)]],'SKU Master'!A:A,'SKU Master'!B:B) -> 210 | F56: =Table1[[#This Row],[Product weight]]*Table1[[#This Row],[Order Qty]] -> 210 | G56: =Table1[[#This Row],[Weight per order (g)]]/1000 -> 0.21 | H56: =CEILING(Table1[[#This Row],[Weight per order (Kg)]],0.5) -> 0.5 | I56: =_xlfn.XLOOKUP(Table1[[#This Row],[OrderID]],'Courier company invoice'!B:B,'Courier company invoice'!F:F) -> b | J56: =_xlfn.XLOOKUP(Table1[[#This Row],[OrderID]],Table2[Order ID],Table2[Type of Shipment],"Not Found") -> Forward and RTO charges | K56: =INDEX(Sheet1[],1,MATCH("fwd_"&Table1[[#This Row],[Zone]]&"_fixed",Sheet1[#Headers],0)) -> 33 | L56: =INDEX(Sheet1[],1,MATCH("fwd_"&Table1[[#This Row],[Zone]]&"_additional",Sheet1[#Headers],0)) -> 28.3 | M56: =(Table1[[#This Row],[Weight slab]]-0.5)/0.5 -> 0 | N56: =Table1[[#This Row],[Fixed_Charges]]+Table1[[#This Row],[No_of_Extra_slabs]]*Table1[[#This Row],[Additional_Charges]] -> 33 | O56: =_xlfn.XLOOKUP(Table1[[#This Row],[OrderID]],'Courier company invoice'!B:B,'Courier company invoice'!H:H) -> 151.1 | P56: =Table1[[#This Row],[Billing Amount]]-Table1[[#This Row],[Expected charges]] -> 118.1 | Q56: {=_xlfn.IFS(Table1[[#This Row],[Billing Amount]]>Table1[[#This Row],[Expected charges]],"Over Charged",Table1[[#This Row],[Billing Amount]]<Table1[[#This Row],[Expected charges]],"Under Charged",Table1[[#This Row],[Billing Amount]]=Table1[[#This Row],[Expected charges]],"Correctly Charged")} -> Over Charged
A57: 2001817093 | B57: =Table1[[#This Row],[Order ID]]*1 -> 2001817093 | C57: 8904223818881 | D57: 1 | E57: =_xlfn.XLOOKUP(Table1[[#This Row],[SKU (Product Code)]],'SKU Master'!A:A,'SKU Master'!B:B) -> 140 | F57: =Table1[[#This Row],[Product weight]]*Table1[[#This Row],[Order Qty]] -> 140 | G57: =Table1[[#This Row],[Weight per order (g)]]/1000 -> 0.14 | H57: =CEILING(Table1[[#This Row],[Weight per order (Kg)]],0.5) -> 0.5 | I57: =_xlfn.XLOOKUP(Table1[[#This Row],[OrderID]],'Courier company invoice'!B:B,'Courier company invoice'!F:F) -> b | J57: =_xlfn.XLOOKUP(Table1[[#This Row],[OrderID]],Table2[Order ID],Table2[Type of Shipment],"Not Found") -> Forward and RTO charges | K57: =INDEX(Sheet1[],1,MATCH("fwd_"&Table1[[#This Row],[Zone]]&"_fixed",Sheet1[#Headers],0)) -> 33 | L57: =INDEX(Sheet1[],1,MATCH("fwd_"&Table1[[#This Row],[Zone]]&"_additional",Sheet1[#Headers],0)) -> 28.3 | M57: =(Table1[[#This Row],[Weight slab]]-0.5)/0.5 -> 0 | N57: =Table1[[#This Row],[Fixed_Charges]]+Table1[[#This Row],[No_of_Extra_slabs]]*Table1[[#This Row],[Additional_Charges]] -> 33 | O57: =_xlfn.XLOOKUP(Table1[[#This Row],[OrderID]],'Courier company invoice'!B:B,'Courier company invoice'!H:H) -> 151.1 | P57: =Table1[[#This Row],[Billing Amount]]-Table1[[#This Row],[Expected charges]] -> 118.1 | Q57: {=_xlfn.IFS(Table1[[#This Row],[Billing Amount]]>Table1[[#This Row],[Expected charges]],"Over Charged",Table1[[#This Row],[Billing Amount]]<Table1[[#This Row],[Expected charges]],"Under Charged",Table1[[#This Row],[Billing Amount]]=Table1[[#This Row],[Expected charges]],"Correctly Charged")} -> Over Charged
A58: 2001817093 | B58: =Table1[[#This Row],[Order ID]]*1 -> 2001817093 | C58: 8904223819291 | D58: 2 | E58: =_xlfn.XLOOKUP(Table1[[#This Row],[SKU (Product Code)]],'SKU Master'!A:A,'SKU Master'!B:B) -> 112 | F58: =Table1[[#This Row],[Product weight]]*Table1[[#This Row],[Order Qty]] -> 224 | G58: =Table1[[#This Row],[Weight per order (g)]]/1000 -> 0.224 | H58: =CEILING(Table1[[#This Row],[Weight per order (Kg)]],0.5) -> 0.5 | I58: =_xlfn.XLOOKUP(Table1[[#This Row],[OrderID]],'Courier company invoice'!B:B,'Courier company invoice'!F:F) -> b | J58: =_xlfn.XLOOKUP(Table1[[#This Row],[OrderID]],Table2[Order ID],Table2[Type of Shipment],"Not Found") -> Forward and RTO charges | K58: =INDEX(Sheet1[],1,MATCH("fwd_"&Table1[[#This Row],[Zone]]&"_fixed",Sheet1[#Headers],0)) -> 33 | L58: =INDEX(Sheet1[],1,MATCH("fwd_"&Table1[[#This Row],[Zone]]&"_additional",Sheet1[#Headers],0)) -> 28.3 | M58: =(Table1[[#This Row],[Weight slab]]-0.5)/0.5 -> 0 | N58: =Table1[[#This Row],[Fixed_Charges]]+Table1[[#This Row],[No_of_Extra_slabs]]*Table1[[#This Row],[Additional_Charges]] -> 33 | O58: =_xlfn.XLOOKUP(Table1[[#This Row],[OrderID]],'Courier company invoice'!B:B,'Courier company invoice'!H:H) -> 151.1 | P58: =Table1[[#This Row],[Billing Amount]]-Table1[[#This Row],[Expected charges]] -> 118.1 | Q58: {=_xlfn.IFS(Table1[[#This Row],[Billing Amount]]>Table1[[#This Row],[Expected charges]],"Over Charged",Table1[[#This Row],[Billing Amount]]<Table1[[#This Row],[Expected charges]],"Under Charged",Table1[[#This Row],[Billing Amount]]=Table1[[#This Row],[Expected charges]],"Correctly Charged")} -> Over Charged
A59: 2001817093 | B59: =Table1[[#This Row],[Order ID]]*1 -> 2001817093 | C59: 8904223819031 | D59: 2 | E59: =_xlfn.XLOOKUP(Table1[[#This Row],[SKU (Product Code)]],'SKU Master'!A:A,'SKU Master'!B:B) -> 112 | F59: =Table1[[#This Row],[Product weight]]*Table1[[#This Row],[Order Qty]] -> 224 | G59: =Table1[[#This Row],[Weight per order (g)]]/1000 -> 0.224 | H59: =CEILING(Table1[[#This Row],[Weight per order (Kg)]],0.5) -> 0.5 | I59: =_xlfn.XLOOKUP(Table1[[#This Row],[OrderID]],'Courier company invoice'!B:B,'Courier company invoice'!F:F) -> b | J59: =_xlfn.XLOOKUP(Table1[[#This Row],[OrderID]],Table2[Order ID],Table2[Type of Shipment],"Not Found") -> Forward and RTO charges | K59: =INDEX(Sheet1[],1,MATCH("fwd_"&Table1[[#This Row],[Zone]]&"_fixed",Sheet1[#Headers],0)) -> 33 | L59: =INDEX(Sheet1[],1,MATCH("fwd_"&Table1[[#This Row],[Zone]]&"_additional",Sheet1[#Headers],0)) -> 28.3 | M59: =(Table1[[#This Row],[Weight slab]]-0.5)/0.5 -> 0 | N59: =Table1[[#This Row],[Fixed_Charges]]+Table1[[#This Row],[No_of_Extra_slabs]]*Table1[[#This Row],[Additional_Charges]] -> 33 | O59: =_xlfn.XLOOKUP(Table1[[#This Row],[OrderID]],'Courier company invoice'!B:B,'Courier company invoice'!H:H) -> 151.1 | P59: =Table1[[#This Row],[Billing Amount]]-Table1[[#This Row],[Expected charges]] -> 118.1 | Q59: {=_xlfn.IFS(Table1[[#This Row],[Billing Amount]]>Table1[[#This Row],[Expected charges]],"Over Charged",Table1[[#This Row],[Billing Amount]]<Table1[[#This Row],[Expected charges]],"Under Charged",Table1[[#This Row],[Billing Amount]]=Table1[[#This Row],[Expected charges]],"Correctly Charged")} -> Over Charged
A60: 2001817093 | B60: =Table1[[#This Row],[Order ID]]*1 -> 2001817093 | C60: 8904223819024 | D60: 2 | E60: =_xlfn.XLOOKUP(Table1[[#This Row],[SKU (Product Code)]],'SKU Master'!A:A,'SKU Master'!B:B) -> 112 | F60: =Table1[[#This Row],[Product weight]]*Table1[[#This Row],[Order Qty]] -> 224 | G60: =Table1[[#This Row],[Weight per order (g)]]/1000 -> 0.224 | H60: =CEILING(Table1[[#This Row],[Weight per order (Kg)]],0.5) -> 0.5 | I60: =_xlfn.XLOOKUP(Table1[[#This Row],[OrderID]],'Courier company invoice'!B:B,'Courier company invoice'!F:F) -> b | J60: =_xlfn.XLOOKUP(Table1[[#This Row],[OrderID]],Table2[Order ID],Table2[Type of Shipment],"Not Found") -> Forward and RTO charges | K60: =INDEX(Sheet1[],1,MATCH("fwd_"&Table1[[#This Row],[Zone]]&"_fixed",Sheet1[#Headers],0)) -> 33 | L60: =INDEX(Sheet1[],1,MATCH("fwd_"&Table1[[#This Row],[Zone]]&"_additional",Sheet1[#Headers],0)) -> 28.3 | M60: =(Table1[[#This Row],[Weight slab]]-0.5)/0.5 -> 0 | N60: =Table1[[#This Row],[Fixed_Charges]]+Table1[[#This Row],[No_of_Extra_slabs]]*Table1[[#This Row],[Additional_Charges]] -> 33 | O60: =_xlfn.XLOOKUP(Table1[[#This Row],[OrderID]],'Courier company invoice'!B:B,'Courier company invoice'!H:H) -> 151.1 | P60: =Table1[[#This Row],[Billing Amount]]-Table1[[#This Row],[Expected charges]] -> 118.1 | Q60: {=_xlfn.IFS(Table1[[#This Row],[Billing Amount]]>Table1[[#This Row],[Expected charges]],"Over Charged",Table1[[#This Row],[Billing Amount]]<Table1[[#This Row],[Expected charges]],"Under Charged",Table1[[#This Row],[Billing Amount]]=Table1[[#This Row],[Expected charges]],"Correctly Charged")} -> Over Charged
... A84: 2001812854 | B84: =Table1[[#This Row],[Order ID]]*1 -> 2001812854 | C84: 8904223819284 | D84: 1 | E84: =_xlfn.XLOOKUP(Table1[[#This Row],[SKU (Product Code)]],'SKU Master'!A:A,'SKU Master'!B:B) -> 350 | F84: =Table1[[#This Row],[Product weight]]*Table1[[#This Row],[Order Qty]] -> 350 | G84: =Table1[[#This Row],[Weight per order (g)]]/1000 -> 0.35 | H84: =CEILING(Table1[[#This Row],[Weight per order (Kg)]],0.5) -> 0.5 | I84: =_xlfn.XLOOKUP(Table1[[#This Row],[OrderID]],'Courier company invoice'!B:B,'Courier company invoice'!F:F) -> d | J84: =_xlfn.XLOOKUP(Table1[[#This Row],[OrderID]],Table2[Order ID],Table2[Type of Shipment],"Not Found") -> Forward charges | K84: =INDEX(Sheet1[],1,MATCH("fwd_"&Table1[[#This Row],[Zone]]&"_fixed",Sheet1[#Headers],0)) -> 45.4 | L84: =INDEX(Sheet1[],1,MATCH("fwd_"&Table1[[#This Row],[Zone]]&"_additional",Sheet1[#Headers],0)) -> 44.8 | M84: =(Table1[[#This Row],[Weight slab]]-0.5)/0.5 -> 0 | N84: =Table1[[#This Row],[Fixed_Charges]]+Table1[[#This Row],[No_of_Extra_slabs]]*Table1[[#This Row],[Additional_Charges]] -> 45.4 | O84: =_xlfn.XLOOKUP(Table1[[#This Row],[OrderID]],'Courier company invoice'!B:B,'Courier company invoice'!H:H) -> 269.4 | P84: =Table1[[#This Row],[Billing Amount]]-Table1[[#This Row],[Expected charges]] -> 224 | Q84: {=_xlfn.IFS(Table1[[#This Row],[Billing Amount]]>Table1[[#This Row],[Expected charges]],"Over Charged",Table1[[#This Row],[Billing Amount]]<Table1[[#This Row],[Expected charges]],"Under Charged",Table1[[#This Row],[Billing Amount]]=Table1[[#This Row],[Expected charges]],"Correctly Charged")} -> Over Charged
A85: 2001812854 | B85: =Table1[[#This Row],[Order ID]]*1 -> 2001812854 | C85: GIFTBOX202003 | D85: 1 | E85: =_xlfn.XLOOKUP(Table1[[#This Row],[SKU (Product Code)]],'SKU Master'!A:A,'SKU Master'!B:B) -> 500 | F85: =Table1[[#This Row],[Product weight]]*Table1[[#This Row],[Order Qty]] -> 500 | G85: =Table1[[#This Row],[Weight per order (g)]]/1000 -> 0.5 | H85: =CEILING(Table1[[#This Row],[Weight per order (Kg)]],0.5) -> 0.5 | I85: =_xlfn.XLOOKUP(Table1[[#This Row],[OrderID]],'Courier company invoice'!B:B,'Courier company invoice'!F:F) -> d | J85: =_xlfn.XLOOKUP(Table1[[#This Row],[OrderID]],Table2[Order ID],Table2[Type of Shipment],"Not Found") -> Forward charges | K85: =INDEX(Sheet1[],1,MATCH("fwd_"&Table1[[#This Row],[Zone]]&"_fixed",Sheet1[#Headers],0)) -> 45.4 | L85: =INDEX(Sheet1[],1,MATCH("fwd_"&Table1[[#This Row],[Zone]]&"_additional",Sheet1[#Headers],0)) -> 44.8 | M85: =(Table1[[#This Row],[Weight slab]]-0.5)/0.5 -> 0 | N85: =Table1[[#This Row],[Fixed_Charges]]+Table1[[#This Row],[No_of_Extra_slabs]]*Table1[[#This Row],[Additional_Charges]] -> 45.4 | O85: =_xlfn.XLOOKUP(Table1[[#This Row],[OrderID]],'Courier company invoice'!B:B,'Courier company invoice'!H:H) -> 269.4 | P85: =Table1[[#This Row],[Billing Amount]]-Table1[[#This Row],[Expected charges]] -> 224 | Q85: {=_xlfn.IFS(Table1[[#This Row],[Billing Amount]]>Table1[[#This Row],[Expected charges]],"Over Charged",Table1[[#This Row],[Billing Amount]]<Table1[[#This Row],[Expected charges]],"Under Charged",Table1[[#This Row],[Billing Amount]]=Table1[[#This Row],[Expected charges]],"Correctly Charged")} -> Over Charged
A86: 2001812854 | B86: =Table1[[#This Row],[Order ID]]*1 -> 2001812854 | C86: 8904223819291 | D86: 2 | E86: =_xlfn.XLOOKUP(Table1[[#This Row],[SKU (Product Code)]],'SKU Master'!A:A,'SKU Master'!B:B) -> 112 | F86: =Table1[[#This Row],[Product weight]]*Table1[[#This Row],[Order Qty]] -> 224 | G86: =Table1[[#This Row],[Weight per order (g)]]/1000 -> 0.224 | H86: =CEILING(Table1[[#This Row],[Weight per order (Kg)]],0.5) -> 0.5 | I86: =_xlfn.XLOOKUP(Table1[[#This Row],[OrderID]],'Courier company invoice'!B:B,'Courier company invoice'!F:F) -> d | J86: =_xlfn.XLOOKUP(Table1[[#This Row],[OrderID]],Table2[Order ID],Table2[Type of Shipment],"Not Found") -> Forward charges | K86: =INDEX(Sheet1[],1,MATCH("fwd_"&Table1[[#This Row],[Zone]]&"_fixed",Sheet1[#Headers],0)) -> 45.4 | L86: =INDEX(Sheet1[],1,MATCH("fwd_"&Table1[[#This Row],[Zone]]&"_additional",Sheet1[#Headers],0)) -> 44.8 | M86: =(Table1[[#This Row],[Weight slab]]-0.5)/0.5 -> 0 | N86: =Table1[[#This Row],[Fixed_Charges]]+Table1[[#This Row],[No_of_Extra_slabs]]*Table1[[#This Row],[Additional_Charges]] -> 45.4 | O86: =_xlfn.XLOOKUP(Table1[[#This Row],[OrderID]],'Courier company invoice'!B:B,'Courier company invoice'!H:H) -> 269.4 | P86: =Table1[[#This Row],[Billing Amount]]-Table1[[#This Row],[Expected charges]] -> 224 | Q86: {=_xlfn.IFS(Table1[[#This Row],[Billing Amount]]>Table1[[#This Row],[Expected charges]],"Over Charged",Table1[[#This Row],[Billing Amount]]<Table1[[#This Row],[Expected charges]],"Under Charged",Table1[[#This Row],[Billing Amount]]=Table1[[#This Row],[Expected charges]],"Correctly Charged")} -> Over Charged
A87: 2001812854 | B87: =Table1[[#This Row],[Order ID]]*1 -> 2001812854 | C87: 8904223819031 | D87: 2 | E87: =_xlfn.XLOOKUP(Table1[[#This Row],[SKU (Product Code)]],'SKU Master'!A:A,'SKU Master'!B:B) -> 112 | F87: =Table1[[#This Row],[Product weight]]*Table1[[#This Row],[Order Qty]] -> 224 | G87: =Table1[[#This Row],[Weight per order (g)]]/1000 -> 0.224 | H87: =CEILING(Table1[[#This Row],[Weight per order (Kg)]],0.5) -> 0.5 | I87: =_xlfn.XLOOKUP(Table1[[#This Row],[OrderID]],'Courier company invoice'!B:B,'Courier company invoice'!F:F) -> d | J87: =_xlfn.XLOOKUP(Table1[[#This Row],[OrderID]],Table2[Order ID],Table2[Type of Shipment],"Not Found") -> Forward charges | K87: =INDEX(Sheet1[],1,MATCH("fwd_"&Table1[[#This Row],[Zone]]&"_fixed",Sheet1[#Headers],0)) -> 45.4 | L87: =INDEX(Sheet1[],1,MATCH("fwd_"&Table1[[#This Row],[Zone]]&"_additional",Sheet1[#Headers],0)) -> 44.8 | M87: =(Table1[[#This Row],[Weight slab]]-0.5)/0.5 -> 0 | N87: =Table1[[#This Row],[Fixed_Charges]]+Table1[[#This Row],[No_of_Extra_slabs]]*Table1[[#This Row],[Additional_Charges]] -> 45.4 | O87: =_xlfn.XLOOKUP(Table1[[#This Row],[OrderID]],'Courier company invoice'!B:B,'Courier company invoice'!H:H) -> 269.4 | P87: =Table1[[#This Row],[Billing Amount]]-Table1[[#This Row],[Expected charges]] -> 224 | Q87: {=_xlfn.IFS(Table1[[#This Row],[Billing Amount]]>Table1[[#This Row],[Expected charges]],"Over Charged",Table1[[#This Row],[Billing Amount]]<Table1[[#This Row],[Expected charges]],"Under Charged",Table1[[#This Row],[Billing Amount]]=Table1[[#This Row],[Expected charges]],"Correctly Charged")} -> Over Charged
A88: 2001812854 | B88: =Table1[[#This Row],[Order ID]]*1 -> 2001812854 | C88: 8904223819024 | D88: 2 | E88: =_xlfn.XLOOKUP(Table1[[#This Row],[SKU (Product Code)]],'SKU Master'!A:A,'SKU Master'!B:B) -> 112 | F88: =Table1[[#This Row],[Product weight]]*Table1[[#This Row],[Order Qty]] -> 224 | G88: =Table1[[#This Row],[Weight per order (g)]]/1000 -> 0.224 | H88: =CEILING(Table1[[#This Row],[Weight per order (Kg)]],0.5) -> 0.5 | I88: =_xlfn.XLOOKUP(Table1[[#This Row],[OrderID]],'Courier company invoice'!B:B,'Courier company invoice'!F:F) -> d | J88: =_xlfn.XLOOKUP(Table1[[#This Row],[OrderID]],Table2[Order ID],Table2[Type of Shipment],"Not Found") -> Forward charges | K88: =INDEX(Sheet1[],1,MATCH("fwd_"&Table1[[#This Row],[Zone]]&"_fixed",Sheet1[#Headers],0)) -> 45.4 | L88: =INDEX(Sheet1[],1,MATCH("fwd_"&Table1[[#This Row],[Zone]]&"_additional",Sheet1[#Headers],0)) -> 44.8 | M88: =(Table1[[#This Row],[Weight slab]]-0.5)/0.5 -> 0 | N88: =Table1[[#This Row],[Fixed_Charges]]+Table1[[#This Row],[No_of_Extra_slabs]]*Table1[[#This Row],[Additional_Charges]] -> 45.4 | O88: =_xlfn.XLOOKUP(Table1[[#This Row],[OrderID]],'Courier company invoice'!B:B,'Courier company invoice'!H:H) -> 269.4 | P88: =Table1[[#This Row],[Billing Amount]]-Table1[[#This Row],[Expected charges]] -> 224 | Q88: {=_xlfn.IFS(Table1[[#This Row],[Billing Amount]]>Table1[[#This Row],[Expected charges]],"Over Charged",Table1[[#This Row],[Billing Amount]]<Table1[[#This Row],[Expected charges]],"Under Charged",Table1[[#This Row],[Billing Amount]]=Table1[[#This Row],[Expected charges]],"Correctly Charged")} -> Over Charged
A89: 2001812838 | B89: =Table1[[#This Row],[Order ID]]*1 -> 2001812838 | C89: 8904223818980 | D89: 1 | E89: =_xlfn.XLOOKUP(Table1[[#This Row],[SKU (Product Code)]],'SKU Master'!A:A,'SKU Master'!B:B) -> 110 | F89: =Table1[[#This Row],[Product weight]]*Table1[[#This Row],[Order Qty]] -> 110 | G89: =Table1[[#This Row],[Weight per order (g)]]/1000 -> 0.11 | H89: =CEILING(Table1[[#This Row],[Weight per order (Kg)]],0.5) -> 0.5 | I89: =_xlfn.XLOOKUP(Table1[[#This Row],[OrderID]],'Courier company invoice'!B:B,'Courier company invoice'!F:F) -> b | J89: =_xlfn.XLOOKUP(Table1[[#This Row],[OrderID]],Table2[Order ID],Table2[Type of Shipment],"Not Found") -> Forward and RTO charges | K89: =INDEX(Sheet1[],1,MATCH("fwd_"&Table1[[#This Row],[Zone]]&"_fixed",Sheet1[#Headers],0)) -> 33 | L89: =INDEX(Sheet1[],1,MATCH("fwd_"&Table1[[#This Row],[Zone]]&"_additional",Sheet1[#Headers],0)) -> 28.3 | M89: =(Table1[[#This Row],[Weight slab]]-0.5)/0.5 -> 0 | N89: =Table1[[#This Row],[Fixed_Charges]]+Table1[[#This Row],[No_of_Extra_slabs]]*Table1[[#This Row],[Additional_Charges]] -> 33 | O89: =_xlfn.XLOOKUP(Table1[[#This Row],[OrderID]],'Courier company invoice'!B:B,'Courier company invoice'!H:H) -> 102.3 | P89: =Table1[[#This Row],[Billing Amount]]-Table1[[#This Row],[Expected charges]] -> 69.3 | Q89: {=_xlfn.IFS(Table1[[#This Row],[Billing Amount]]>Table1[[#This Row],[Expected charges]],"Over Charged",Table1[[#This Row],[Billing Amount]]<Table1[[#This Row],[Expected charges]],"Under Charged",Table1[[#This Row],[Billing Amount]]=Table1[[#This Row],[Expected charges]],"Correctly Charged")} -> Over Charged
A90: 2001812838 | B90: =Table1[[#This Row],[Order ID]]*1 -> 2001812838 | C90: 8904223819031 | D90: 4 | E90: =_xlfn.XLOOKUP(Table1[[#This Row],[SKU (Product Code)]],'SKU Master'!A:A,'SKU Master'!B:B) -> 112 | F90: =Table1[[#This Row],[Product weight]]*Table1[[#This Row],[Order Qty]] -> 448 | G90: =Table1[[#This Row],[Weight per order (g)]]/1000 -> 0.448 | H90: =CEILING(Table1[[#This Row],[Weight per order (Kg)]],0.5) -> 0.5 | I90: =_xlfn.XLOOKUP(Table1[[#This Row],[OrderID]],'Courier company invoice'!B:B,'Courier company invoice'!F:F) -> b | J90: =_xlfn.XLOOKUP(Table1[[#This Row],[OrderID]],Table2[Order ID],Table2[Type of Shipment],"Not Found") -> Forward and RTO charges | K90: =INDEX(Sheet1[],1,MATCH("fwd_"&Table1[[#This Row],[Zone]]&"_fixed",Sheet1[#Headers],0)) -> 33 | L90: =INDEX(Sheet1[],1,MATCH("fwd_"&Table1[[#This Row],[Zone]]&"_additional",Sheet1[#Headers],0)) -> 28.3 | M90: =(Table1[[#This Row],[Weight slab]]-0.5)/0.5 -> 0 | N90: =Table1[[#This Row],[Fixed_Charges]]+Table1[[#This Row],[No_of_Extra_slabs]]*Table1[[#This Row],[Additional_Charges]] -> 33 | O90: =_xlfn.XLOOKUP(Table1[[#This Row],[OrderID]],'Courier company invoice'!B:B,'Courier company invoice'!H:H) -> 102.3 | P90: =Table1[[#This Row],[Billing Amount]]-Table1[[#This Row],[Expected charges]] -> 69.3 | Q90: {=_xlfn.IFS(Table1[[#This Row],[Billing Amount]]>Table1[[#This Row],[Expected charges]],"Over Charged",Table1[[#This Row],[Billing Amount]]<Table1[[#This Row],[Expected charges]],"Under Charged",Table1[[#This Row],[Billing Amount]]=Table1[[#This Row],[Expected charges]],"Correctly Charged")} -> Over Charged
A91: 2001812650 | B91: =Table1[[#This Row],[Order ID]]*1 -> 2001812650 | C91: 8904223819031 | D91: 4 | E91: =_xlfn.XLOOKUP(Table1[[#This Row],[SKU (Product Code)]],'SKU Master'!A:A,'SKU Master'!B:B) -> 112 | F91: =Table1[[#This Row],[Product weight]]*Table1[[#This Row],[Order Qty]] -> 448 | G91: =Table1[[#This Row],[Weight per order (g)]]/1000 -> 0.448 | H91: =CEILING(Table1[[#This Row],[Weight per order (Kg)]],0.5) -> 0.5 | I91: =_xlfn.XLOOKUP(Table1[[#This Row],[OrderID]],'Courier company invoice'!B:B,'Courier company invoice'!F:F) -> d | J91: =_xlfn.XLOOKUP(Table1[[#This Row],[OrderID]],Table2[Order ID],Table2[Type of Shipment],"Not Found") -> Forward charges | K91: =INDEX(Sheet1[],1,MATCH("fwd_"&Table1[[#This Row],[Zone]]&"_fixed",Sheet1[#Headers],0)) -> 45.4 | L91: =INDEX(Sheet1[],1,MATCH("fwd_"&Table1[[#This Row],[Zone]]&"_additional",Sheet1[#Headers],0)) -> 44.8 | M91: =(Table1[[#This Row],[Weight slab]]-0.5)/0.5 -> 0 | N91: =Table1[[#This Row],[Fixed_Charges]]+Table1[[#This Row],[No_of_Extra_slabs]]*Table1[[#This Row],[Additional_Charges]] -> 45.4 | O91: =_xlfn.XLOOKUP(Table1[[#This Row],[OrderID]],'Courier company invoice'!B:B,'Courier company invoice'!H:H) -> 90.2 | P91: =Table1[[#This Row],[Billing Amount]]-Table1[[#This Row],[Expected charges]] -> 44.8 | Q91: {=_xlfn.IFS(Table1[[#This Row],[Billing Amount]]>Table1[[#This Row],[Expected charges]],"Over Charged",Table1[[#This Row],[Billing Amount]]<Table1[[#This Row],[Expected charges]],"Under Charged",Table1[[#This Row],[Billing Amount]]=Table1[[#This Row],[Expected charges]],"Correctly Charged")} -> Over Charged
A92: 2001812650 | B92: =Table1[[#This Row],[Order ID]]*1 -> 2001812650 | C92: 8904223819017 | D92: 1 | E92: =_xlfn.XLOOKUP(Table1[[#This Row],[SKU (Product Code)]],'SKU Master'!A:A,'SKU Master'!B:B) -> 115 | F92: =Table1[[#This Row],[Product weight]]*Table1[[#This Row],[Order Qty]] -> 115 | G92: =Table1[[#This Row],[Weight per order (g)]]/1000 -> 0.115 | H92: =CEILING(Table1[[#This Row],[Weight per order (Kg)]],0.5) -> 0.5 | I92: =_xlfn.XLOOKUP(Table1[[#This Row],[OrderID]],'Courier company invoice'!B:B,'Courier company invoice'!F:F) -> d | J92: =_xlfn.XLOOKUP(Table1[[#This Row],[OrderID]],Table2[Order ID],Table2[Type of Shipment],"Not Found") -> Forward charges | K92: =INDEX(Sheet1[],1,MATCH("fwd_"&Table1[[#This Row],[Zone]]&"_fixed",Sheet1[#Headers],0)) -> 45.4 | L92: =INDEX(Sheet1[],1,MATCH("fwd_"&Table1[[#This Row],[Zone]]&"_additional",Sheet1[#Headers],0)) -> 44.8 | M92: =(Table1[[#This Row],[Weight slab]]-0.5)/0.5 -> 0 | N92: =Table1[[#This Row],[Fixed_Charges]]+Table1[[#This Row],[No_of_Extra_slabs]]*Table1[[#This Row],[Additional_Charges]] -> 45.4 | O92: =_xlfn.XLOOKUP(Table1[[#This Row],[OrderID]],'Courier company invoice'!B:B,'Courier company invoice'!H:H) -> 90.2 | P92: =Table1[[#This Row],[Billing Amount]]-Table1[[#This Row],[Expected charges]] -> 44.8 | Q92: {=_xlfn.IFS(Table1[[#This Row],[Billing Amount]]>Table1[[#This Row],[Expected charges]],"Over Charged",Table1[[#This Row],[Billing Amount]]<Table1[[#This Row],[Expected charges]],"Under Charged",Table1[[#This Row],[Billing Amount]]=Table1[[#This Row],[Expected charges]],"Correctly Charged")} -> Over Charged
A93: 2001812195 | B93: =Table1[[#This Row],[Order ID]]*1 -> 2001812195 | C93: 8904223818706 | D93: 1 | E93: =_xlfn.XLOOKUP(Table1[[#This Row],[SKU (Product Code)]],'SKU Master'!A:A,'SKU Master'!B:B) -> 127 | F93: =Table1[[#This Row],[Product weight]]*Table1[[#This Row],[Order Qty]] -> 127 | G93: =Table1[[#This Row],[Weight per order (g)]]/1000 -> 0.127 | H93: =CEILING(Table1[[#This Row],[Weight per order (Kg)]],0.5) -> 0.5 | I93: =_xlfn.XLOOKUP(Table1[[#This Row],[OrderID]],'Courier company invoice'!B:B,'Courier company invoice'!F:F) -> d | J93: =_xlfn.XLOOKUP(Table1[[#This Row],[OrderID]],Table2[Order ID],Table2[Type of Shipment],"Not Found") -> Forward charges | K93: =INDEX(Sheet1[],1,MATCH("fwd_"&Table1[[#This Row],[Zone]]&"_fixed",Sheet1[#Headers],0)) -> 45.4 | L93: =INDEX(Sheet1[],1,MATCH("fwd_"&Table1[[#This Row],[Zone]]&"_additional",Sheet1[#Headers],0)) -> 44.8 | M93: =(Table1[[#This Row],[Weight slab]]-0.5)/0.5 -> 0 | N93: =Table1[[#This Row],[Fixed_Charges]]+Table1[[#This Row],[No_of_Extra_slabs]]*Table1[[#This Row],[Additional_Charges]] -> 45.4 | O93: =_xlfn.XLOOKUP(Table1[[#This Row],[OrderID]],'Courier company invoice'!B:B,'Courier company invoice'!H:H) -> 90.2 | P93: =Table1[[#This Row],[Billing Amount]]-Table1[[#This Row],[Expected charges]] -> 44.8 | Q93: {=_xlfn.IFS(Table1[[#This Row],[Billing Amount]]>Table1[[#This Row],[Expected charges]],"Over Charged",Table1[[#This Row],[Billing Amount]]<Table1[[#This Row],[Expected charges]],"Under Charged",Table1[[#This Row],[Billing Amount]]=Table1[[#This Row],[Expected charges]],"Correctly Charged")} -> Over Charged
A94: 2001812195 | B94: =Table1[[#This Row],[Order ID]]*1 -> 2001812195 | C94: 8904223818942 | D94: 1 | E94: =_xlfn.XLOOKUP(Table1[[#This Row],[SKU (Product Code)]],'SKU Master'!A:A,'SKU Master'!B:B) -> 133 | F94: =Table1[[#This Row],[Product weight]]*Table1[[#This Row],[Order Qty]] -> 133 | G94: =Table1[[#This Row],[Weight per order (g)]]/1000 -> 0.133 | H94: =CEILING(Table1[[#This Row],[Weight per order (Kg)]],0.5) -> 0.5 | I94: =_xlfn.XLOOKUP(Table1[[#This Row],[OrderID]],'Courier company invoice'!B:B,'Courier company invoice'!F:F) -> d | J94: =_xlfn.XLOOKUP(Table1[[#This Row],[OrderID]],Table2[Order ID],Table2[Type of Shipment],"Not Found") -> Forward charges | K94: =INDEX(Sheet1[],1,MATCH("fwd_"&Table1[[#This Row],[Zone]]&"_fixed",Sheet1[#Headers],0)) -> 45.4 | L94: =INDEX(Sheet1[],1,MATCH("fwd_"&Table1[[#This Row],[Zone]]&"_additional",Sheet1[#Headers],0)) -> 44.8 | M94: =(Table1[[#This Row],[Weight slab]]-0.5)/0.5 -> 0 | N94: =Table1[[#This Row],[Fixed_Charges]]+Table1[[#This Row],[No_of_Extra_slabs]]*Table1[[#This Row],[Additional_Charges]] -> 45.4 | O94: =_xlfn.XLOOKUP(Table1[[#This Row],[OrderID]],'Courier company invoice'!B:B,'Courier company invoice'!H:H) -> 90.2 | P94: =Table1[[#This Row],[Billing Amount]]-Table1[[#This Row],[Expected charges]] -> 44.8 | Q94: {=_xlfn.IFS(Table1[[#This Row],[Billing Amount]]>Table1[[#This Row],[Expected charges]],"Over Charged",Table1[[#This Row],[Billing Amount]]<Table1[[#This Row],[Expected charges]],"Under Charged",Table1[[#This Row],[Billing Amount]]=Table1[[#This Row],[Expected charges]],"Correctly Charged")} -> Over Charged
A95: 2001812195 | B95: =Table1[[#This Row],[Order ID]]*1 -> 2001812195 | C95: 8904223818850 | D95: 1 | E95: =_xlfn.XLOOKUP(Table1[[#This Row],[SKU (Product Code)]],'SKU Master'!A:A,'SKU Master'!B:B) -> 240 | F95: =Table1[[#This Row],[Product weight]]*Table1[[#This Row],[Order Qty]] -> 240 | G95: =Table1[[#This Row],[Weight per order (g)]]/1000 -> 0.24 | H95: =CEILING(Table1[[#This Row],[Weight per order (Kg)]],0.5) -> 0.5 | I95: =_xlfn.XLOOKUP(Table1[[#This Row],[OrderID]],'Courier company invoice'!B:B,'Courier company invoice'!F:F) -> d | J95: =_xlfn.XLOOKUP(Table1[[#This Row],[OrderID]],Table2[Order ID],Table2[Type of Shipment],"Not Found") -> Forward charges | K95: =INDEX(Sheet1[],1,MATCH("fwd_"&Table1[[#This Row],[Zone]]&"_fixed",Sheet1[#Headers],0)) -> 45.4 | L95: =INDEX(Sheet1[],1,MATCH("fwd_"&Table1[[#This Row],[Zone]]&"_additional",Sheet1[#Headers],0)) -> 44.8 | M95: =(Table1[[#This Row],[Weight slab]]-0.5)/0.5 -> 0 | N95: =Table1[[#This Row],[Fixed_Charges]]+Table1[[#This Row],[No_of_Extra_slabs]]*Table1[[#This Row],[Additional_Charges]] -> 45.4 | O95: =_xlfn.XLOOKUP(Table1[[#This Row],[OrderID]],'Courier company invoice'!B:B,'Courier company invoice'!H:H) -> 90.2 | P95: =Table1[[#This Row],[Billing Amount]]-Table1[[#This Row],[Expected charges]] -> 44.8 | Q95: {=_xlfn.IFS(Table1[[#This Row],[Billing Amount]]>Table1[[#This Row],[Expected charges]],"Over Charged",Table1[[#This Row],[Billing Amount]]<Table1[[#This Row],[Expected charges]],"Under Charged",Table1[[#This Row],[Billing Amount]]=Table1[[#This Row],[Expected charges]],"Correctly Charged")} -> Over Charged
A96: 2001811809 | B96: =Table1[[#This Row],[Order ID]]*1 -> 2001811809 | C96: 8904223818706 | D96: 1 | E96: =_xlfn.XLOOKUP(Table1[[#This Row],[SKU (Product Code)]],'SKU Master'!A:A,'SKU Master'!B:B) -> 127 | F96: =Table1[[#This Row],[Product weight]]*Table1[[#This Row],[Order Qty]] -> 127 | G96: =Table1[[#This Row],[Weight per order (g)]]/1000 -> 0.127 | H96: =CEILING(Table1[[#This Row],[Weight per order (Kg)]],0.5) -> 0.5 | I96: =_xlfn.XLOOKUP(Table1[[#This Row],[OrderID]],'Courier company invoice'!B:B,'Courier company invoice'!F:F) -> d | J96: =_xlfn.XLOOKUP(Table1[[#This Row],[OrderID]],Table2[Order ID],Table2[Type of Shipment],"Not Found") -> Forward and RTO charges | K96: =INDEX(Sheet1[],1,MATCH("fwd_"&Table1[[#This Row],[Zone]]&"_fixed",Sheet1[#Headers],0)) -> 45.4 | L96: =INDEX(Sheet1[],1,MATCH("fwd_"&Table1[[#This Row],[Zone]]&"_additional",Sheet1[#Headers],0)) -> 44.8 | M96: =(Table1[[#This Row],[Weight slab]]-0.5)/0.5 -> 0 | N96: =Table1[[#This Row],[Fixed_Charges]]+Table1[[#This Row],[No_of_Extra_slabs]]*Table1[[#This Row],[Additional_Charges]] -> 45.4 | O96: =_xlfn.XLOOKUP(Table1[[#This Row],[OrderID]],'Courier company invoice'!B:B,'Courier company invoice'!H:H) -> 86.7 | P96: =Table1[[#This Row],[Billing Amount]]-Table1[[#This Row],[Expected charges]] -> 41.3 | Q96: {=_xlfn.IFS(Table1[[#This Row],[Billing Amount]]>Table1[[#This Row],[Expected charges]],"Over Charged",Table1[[#This Row],[Billing Amount]]<Table1[[#This Row],[Expected charges]],"Under Charged",Table1[[#This Row],[Billing Amount]]=Table1[[#This Row],[Expected charges]],"Correctly Charged")} -> Over Charged
A97: 2001811809 | B97: =Table1[[#This Row],[Order ID]]*1 -> 2001811809 | C97: 8904223818942 | D97: 1 | E97: =_xlfn.XLOOKUP(Table1[[#This Row],[SKU (Product Code)]],'SKU Master'!A:A,'SKU Master'!B:B) -> 133 | F97: =Table1[[#This Row],[Product weight]]*Table1[[#This Row],[Order Qty]] -> 133 | G97: =Table1[[#This Row],[Weight per order (g)]]/1000 -> 0.133 | H97: =CEILING(Table1[[#This Row],[Weight per order (Kg)]],0.5) -> 0.5 | I97: =_xlfn.XLOOKUP(Table1[[#This Row],[OrderID]],'Courier company invoice'!B:B,'Courier company invoice'!F:F) -> d | J97: =_xlfn.XLOOKUP(Table1[[#This Row],[OrderID]],Table2[Order ID],Table2[Type of Shipment],"Not Found") -> Forward and RTO charges | K97: =INDEX(Sheet1[],1,MATCH("fwd_"&Table1[[#This Row],[Zone]]&"_fixed",Sheet1[#Headers],0)) -> 45.4 | L97: =INDEX(Sheet1[],1,MATCH("fwd_"&Table1[[#This Row],[Zone]]&"_additional",Sheet1[#Headers],0)) -> 44.8 | M97: =(Table1[[#This Row],[Weight slab]]-0.5)/0.5 -> 0 | N97: =Table1[[#This Row],[Fixed_Charges]]+Table1[[#This Row],[No_of_Extra_slabs]]*Table1[[#This Row],[Additional_Charges]] -> 45.4 | O97: =_xlfn.XLOOKUP(Table1[[#This Row],[OrderID]],'Courier company invoice'!B:B,'Courier company invoice'!H:H) -> 86.7 | P97: =Table1[[#This Row],[Billing Amount]]-Table1[[#This Row],[Expected charges]] -> 41.3 | Q97: {=_xlfn.IFS(Table1[[#This Row],[Billing Amount]]>Table1[[#This Row],[Expected charges]],"Over Charged",Table1[[#This Row],[Billing Amount]]<Table1[[#This Row],[Expected charges]],"Under Charged",Table1[[#This Row],[Billing Amount]]=Table1[[#This Row],[Expected charges]],"Correctly Charged")} -> Over Charged
... A178: 2001809794 | B178: =Table1[[#This Row],[Order ID]]*1 -> 2001809794 | C178: 8904223818454 | D178: 1 | E178: =_xlfn.XLOOKUP(Table1[[#This Row],[SKU (Product Code)]],'SKU Master'!A:A,'SKU Master'!B:B) -> 232 | F178: =Table1[[#This Row],[Product weight]]*Table1[[#This Row],[Order Qty]] -> 232 | G178: =Table1[[#This Row],[Weight per order (g)]]/1000 -> 0.232 | H178: =CEILING(Table1[[#This Row],[Weight per order (Kg)]],0.5) -> 0.5 | I178: =_xlfn.XLOOKUP(Table1[[#This Row],[OrderID]],'Courier company invoice'!B:B,'Courier company invoice'!F:F) -> d | J178: =_xlfn.XLOOKUP(Table1[[#This Row],[OrderID]],Table2[Order ID],Table2[Type of Shipment],"Not Found") -> Forward charges | K178: =INDEX(Sheet1[],1,MATCH("fwd_"&Table1[[#This Row],[Zone]]&"_fixed",Sheet1[#Headers],0)) -> 45.4 | L178: =INDEX(Sheet1[],1,MATCH("fwd_"&Table1[[#This Row],[Zone]]&"_additional",Sheet1[#Headers],0)) -> 44.8 | M178: =(Table1[[#This Row],[Weight slab]]-0.5)/0.5 -> 0 | N178: =Table1[[#This Row],[Fixed_Charges]]+Table1[[#This Row],[No_of_Extra_slabs]]*Table1[[#This Row],[Additional_Charges]] -> 45.4 | O178: =_xlfn.XLOOKUP(Table1[[#This Row],[OrderID]],'Courier company invoice'!B:B,'Courier company invoice'!H:H) -> 135 | P178: =Table1[[#This Row],[Billing Amount]]-Table1[[#This Row],[Expected charges]] -> 89.6 | Q178: {=_xlfn.IFS(Table1[[#This Row],[Billing Amount]]>Table1[[#This Row],[Expected charges]],"Over Charged",Table1[[#This Row],[Billing Amount]]<Table1[[#This Row],[Expected charges]],"Under Charged",Table1[[#This Row],[Billing Amount]]=Table1[[#This Row],[Expected charges]],"Correctly Charged")} -> Over Charged
A179: 2001809794 | B179: =Table1[[#This Row],[Order ID]]*1 -> 2001809794 | C179: GIFTBOX202004 | D179: 1 | E179: =_xlfn.XLOOKUP(Table1[[#This Row],[SKU (Product Code)]],'SKU Master'!A:A,'SKU Master'!B:B) -> 500 | F179: =Table1[[#This Row],[Product weight]]*Table1[[#This Row],[Order Qty]] -> 500 | G179: =Table1[[#This Row],[Weight per order (g)]]/1000 -> 0.5 | H179: =CEILING(Table1[[#This Row],[Weight per order (Kg)]],0.5) -> 0.5 | I179: =_xlfn.XLOOKUP(Table1[[#This Row],[OrderID]],'Courier company invoice'!B:B,'Courier company invoice'!F:F) -> d | J179: =_xlfn.XLOOKUP(Table1[[#This Row],[OrderID]],Table2[Order ID],Table2[Type of Shipment],"Not Found") -> Forward charges | K179: =INDEX(Sheet1[],1,MATCH("fwd_"&Table1[[#This Row],[Zone]]&"_fixed",Sheet1[#Headers],0)) -> 45.4 | L179: =INDEX(Sheet1[],1,MATCH("fwd_"&Table1[[#This Row],[Zone]]&"_additional",Sheet1[#Headers],0)) -> 44.8 | M179: =(Table1[[#This Row],[Weight slab]]-0.5)/0.5 -> 0 | N179: =Table1[[#This Row],[Fixed_Charges]]+Table1[[#This Row],[No_of_Extra_slabs]]*Table1[[#This Row],[Additional_Charges]] -> 45.4 | O179: =_xlfn.XLOOKUP(Table1[[#This Row],[OrderID]],'Courier company invoice'!B:B,'Courier company invoice'!H:H) -> 135 | P179: =Table1[[#This Row],[Billing Amount]]-Table1[[#This Row],[Expected charges]] -> 89.6 | Q179: {=_xlfn.IFS(Table1[[#This Row],[Billing Amount]]>Table1[[#This Row],[Expected charges]],"Over Charged",Table1[[#This Row],[Billing Amount]]<Table1[[#This Row],[Expected charges]],"Under Charged",Table1[[#This Row],[Billing Amount]]=Table1[[#This Row],[Expected charges]],"Correctly Charged")} -> Over Charged
A180: 2001809794 | B180: =Table1[[#This Row],[Order ID]]*1 -> 2001809794 | C180: 8904223819116 | D180: 1 | E180: =_xlfn.XLOOKUP(Table1[[#This Row],[SKU (Product Code)]],'SKU Master'!A:A,'SKU Master'!B:B) -> 30 | F180: =Table1[[#This Row],[Product weight]]*Table1[[#This Row],[Order Qty]] -> 30 | G180: =Table1[[#This Row],[Weight per order (g)]]/1000 -> 0.03 | H180: =CEILING(Table1[[#This Row],[Weight per order (Kg)]],0.5) -> 0.5 | I180: =_xlfn.XLOOKUP(Table1[[#This Row],[OrderID]],'Courier company invoice'!B:B,'Courier company invoice'!F:F) -> d | J180: =_xlfn.XLOOKUP(Table1[[#This Row],[OrderID]],Table2[Order ID],Table2[Type of Shipment],"Not Found") -> Forward charges | K180: =INDEX(Sheet1[],1,MATCH("fwd_"&Table1[[#This Row],[Zone]]&"_fixed",Sheet1[#Headers],0)) -> 45.4 | L180: =INDEX(Sheet1[],1,MATCH("fwd_"&Table1[[#This Row],[Zone]]&"_additional",Sheet1[#Headers],0)) -> 44.8 | M180: =(Table1[[#This Row],[Weight slab]]-0.5)/0.5 -> 0 | N180: =Table1[[#This Row],[Fixed_Charges]]+Table1[[#This Row],[No_of_Extra_slabs]]*Table1[[#This Row],[Additional_Charges]] -> 45.4 | O180: =_xlfn.XLOOKUP(Table1[[#This Row],[OrderID]],'Courier company invoice'!B:B,'Courier company invoice'!H:H) -> 135 | P180: =Table1[[#This Row],[Billing Amount]]-Table1[[#This Row],[Expected charges]] -> 89.6 | Q180: {=_xlfn.IFS(Table1[[#This Row],[Billing Amount]]>Table1[[#This Row],[Expected charges]],"Over Charged",Table1[[#This Row],[Billing Amount]]<Table1[[#This Row],[Expected charges]],"Under Charged",Table1[[#This Row],[Billing Amount]]=Table1[[#This Row],[Expected charges]],"Correctly Charged")} -> Over Charged
A181: 2001809592 | B181: =Table1[[#This Row],[Order ID]]*1 -> 2001809592 | C181: 8904223818706 | D181: 1 | E181: =_xlfn.XLOOKUP(Table1[[#This Row],[SKU (Product Code)]],'SKU Master'!A:A,'SKU Master'!B:B) -> 127 | F181: =Table1[[#This Row],[Product weight]]*Table1[[#This Row],[Order Qty]] -> 127 | G181: =Table1[[#This Row],[Weight per order (g)]]/1000 -> 0.127 | H181: =CEILING(Table1[[#This Row],[Weight per order (Kg)]],0.5) -> 0.5 | I181: =_xlfn.XLOOKUP(Table1[[#This Row],[OrderID]],'Courier company invoice'!B:B,'Courier company invoice'!F:F) -> b | J181: =_xlfn.XLOOKUP(Table1[[#This Row],[OrderID]],Table2[Order ID],Table2[Type of Shipment],"Not Found") -> Forward charges | K181: =INDEX(Sheet1[],1,MATCH("fwd_"&Table1[[#This Row],[Zone]]&"_fixed",Sheet1[#Headers],0)) -> 33 | L181: =INDEX(Sheet1[],1,MATCH("fwd_"&Table1[[#This Row],[Zone]]&"_additional",Sheet1[#Headers],0)) -> 28.3 | M181: =(Table1[[#This Row],[Weight slab]]-0.5)/0.5 -> 0 | N181: =Table1[[#This Row],[Fixed_Charges]]+Table1[[#This Row],[No_of_Extra_slabs]]*Table1[[#This Row],[Additional_Charges]] -> 33 | O181: =_xlfn.XLOOKUP(Table1[[#This Row],[OrderID]],'Courier company invoice'!B:B,'Courier company invoice'!H:H) -> 89.6 | P181: =Table1[[#This Row],[Billing Amount]]-Table1[[#This Row],[Expected charges]] -> 56.6 | Q181: {=_xlfn.IFS(Table1[[#This Row],[Billing Amount]]>Table1[[#This Row],[Expected charges]],"Over Charged",Table1[[#This Row],[Billing Amount]]<Table1[[#This Row],[Expected charges]],"Under Charged",Table1[[#This Row],[Billing Amount]]=Table1[[#This Row],[Expected charges]],"Correctly Charged")} -> Over Charged
A182: 2001809592 | B182: =Table1[[#This Row],[Order ID]]*1 -> 2001809592 | C182: 8904223819024 | D182: 8 | E182: =_xlfn.XLOOKUP(Table1[[#This Row],[SKU (Product Code)]],'SKU Master'!A:A,'SKU Master'!B:B) -> 112 | F182: =Table1[[#This Row],[Product weight]]*Table1[[#This Row],[Order Qty]] -> 896 | G182: =Table1[[#This Row],[Weight per order (g)]]/1000 -> 0.896 | H182: =CEILING(Table1[[#This Row],[Weight per order (Kg)]],0.5) -> 1 | I182: =_xlfn.XLOOKUP(Table1[[#This Row],[OrderID]],'Courier company invoice'!B:B,'Courier company invoice'!F:F) -> b | J182: =_xlfn.XLOOKUP(Table1[[#This Row],[OrderID]],Table2[Order ID],Table2[Type of Shipment],"Not Found") -> Forward charges | K182: =INDEX(Sheet1[],1,MATCH("fwd_"&Table1[[#This Row],[Zone]]&"_fixed",Sheet1[#Headers],0)) -> 33 | L182: =INDEX(Sheet1[],1,MATCH("fwd_"&Table1[[#This Row],[Zone]]&"_additional",Sheet1[#Headers],0)) -> 28.3 | M182: =(Table1[[#This Row],[Weight slab]]-0.5)/0.5 -> 1 | N182: =Table1[[#This Row],[Fixed_Charges]]+Table1[[#This Row],[No_of_Extra_slabs]]*Table1[[#This Row],[Additional_Charges]] -> 61.3 | O182: =_xlfn.XLOOKUP(Table1[[#This Row],[OrderID]],'Courier company invoice'!B:B,'Courier company invoice'!H:H) -> 89.6 | P182: =Table1[[#This Row],[Billing Amount]]-Table1[[#This Row],[Expected charges]] -> 28.3 | Q182: {=_xlfn.IFS(Table1[[#This Row],[Billing Amount]]>Table1[[#This Row],[Expected charges]],"Over Charged",Table1[[#This Row],[Billing Amount]]<Table1[[#This Row],[Expected charges]],"Under Charged",Table1[[#This Row],[Billing Amount]]=Table1[[#This Row],[Expected charges]],"Correctly Charged")} -> Over Charged
A183: 2001809592 | B183: =Table1[[#This Row],[Order ID]]*1 -> 2001809592 | C183: 8904223818683 | D183: 2 | E183: =_xlfn.XLOOKUP(Table1[[#This Row],[SKU (Product Code)]],'SKU Master'!A:A,'SKU Master'!B:B) -> 121 | F183: =Table1[[#This Row],[Product weight]]*Table1[[#This Row],[Order Qty]] -> 242 | G183: =Table1[[#This Row],[Weight per order (g)]]/1000 -> 0.242 | H183: =CEILING(Table1[[#This Row],[Weight per order (Kg)]],0.5) -> 0.5 | I183: =_xlfn.XLOOKUP(Table1[[#This Row],[OrderID]],'Courier company invoice'!B:B,'Courier company invoice'!F:F) -> b | J183: =_xlfn.XLOOKUP(Table1[[#This Row],[OrderID]],Table2[Order ID],Table2[Type of Shipment],"Not Found") -> Forward charges | K183: =INDEX(Sheet1[],1,MATCH("fwd_"&Table1[[#This Row],[Zone]]&"_fixed",Sheet1[#Headers],0)) -> 33 | L183: =INDEX(Sheet1[],1,MATCH("fwd_"&Table1[[#This Row],[Zone]]&"_additional",Sheet1[#Headers],0)) -> 28.3 | M183: =(Table1[[#This Row],[Weight slab]]-0.5)/0.5 -> 0 | N183: =Table1[[#This Row],[Fixed_Charges]]+Table1[[#This Row],[No_of_Extra_slabs]]*Table1[[#This Row],[Additional_Charges]] -> 33 | O183: =_xlfn.XLOOKUP(Table1[[#This Row],[OrderID]],'Courier company invoice'!B:B,'Courier company invoice'!H:H) -> 89.6 | P183: =Table1[[#This Row],[Billing Amount]]-Table1[[#This Row],[Expected charges]] -> 56.6 | Q183: {=_xlfn.IFS(Table1[[#This Row],[Billing Amount]]>Table1[[#This Row],[Expected charges]],"Over Charged",Table1[[#This Row],[Billing Amount]]<Table1[[#This Row],[Expected charges]],"Under Charged",Table1[[#This Row],[Billing Amount]]=Table1[[#This Row],[Expected charges]],"Correctly Charged")} -> Over Charged
A184: 2001809592 | B184: =Table1[[#This Row],[Order ID]]*1 -> 2001809592 | C184: 8904223818850 | D184: 1 | E184: =_xlfn.XLOOKUP(Table1[[#This Row],[SKU (Product Code)]],'SKU Master'!A:A,'SKU Master'!B:B) -> 240 | F184: =Table1[[#This Row],[Product weight]]*Table1[[#This Row],[Order Qty]] -> 240 | G184: =Table1[[#This Row],[Weight per order (g)]]/1000 -> 0.24 | H184: =CEILING(Table1[[#This Row],[Weight per order (Kg)]],0.5) -> 0.5 | I184: =_xlfn.XLOOKUP(Table1[[#This Row],[OrderID]],'Courier company invoice'!B:B,'Courier company invoice'!F:F) -> b | J184: =_xlfn.XLOOKUP(Table1[[#This Row],[OrderID]],Table2[Order ID],Table2[Type of Shipment],"Not Found") -> Forward charges | K184: =INDEX(Sheet1[],1,MATCH("fwd_"&Table1[[#This Row],[Zone]]&"_fixed",Sheet1[#Headers],0)) -> 33 | L184: =INDEX(Sheet1[],1,MATCH("fwd_"&Table1[[#This Row],[Zone]]&"_additional",Sheet1[#Headers],0)) -> 28.3 | M184: =(Table1[[#This Row],[Weight slab]]-0.5)/0.5 -> 0 | N184: =Table1[[#This Row],[Fixed_Charges]]+Table1[[#This Row],[No_of_Extra_slabs]]*Table1[[#This Row],[Additional_Charges]] -> 33 | O184: =_xlfn.XLOOKUP(Table1[[#This Row],[OrderID]],'Courier company invoice'!B:B,'Courier company invoice'!H:H) -> 89.6 | P184: =Table1[[#This Row],[Billing Amount]]-Table1[[#This Row],[Expected charges]] -> 56.6 | Q184: {=_xlfn.IFS(Table1[[#This Row],[Billing Amount]]>Table1[[#This Row],[Expected charges]],"Over Charged",Table1[[#This Row],[Billing Amount]]<Table1[[#This Row],[Expected charges]],"Under Charged",Table1[[#This Row],[Billing Amount]]=Table1[[#This Row],[Expected charges]],"Correctly Charged")} -> Over Charged
A185: 2001809383 | B185: =Table1[[#This Row],[Order ID]]*1 -> 2001809383 | C185: 8904223818706 | D185: 1 | E185: =_xlfn.XLOOKUP(Table1[[#This Row],[SKU (Product Code)]],'SKU Master'!A:A,'SKU Master'!B:B) -> 127 | F185: =Table1[[#This Row],[Product weight]]*Table1[[#This Row],[Order Qty]] -> 127 | G185: =Table1[[#This Row],[Weight per order (g)]]/1000 -> 0.127 | H185: =CEILING(Table1[[#This Row],[Weight per order (Kg)]],0.5) -> 0.5 | I185: =_xlfn.XLOOKUP(Table1[[#This Row],[OrderID]],'Courier company invoice'!B:B,'Courier company invoice'!F:F) -> d | J185: =_xlfn.XLOOKUP(Table1[[#This Row],[OrderID]],Table2[Order ID],Table2[Type of Shipment],"Not Found") -> Forward and RTO charges | K185: =INDEX(Sheet1[],1,MATCH("fwd_"&Table1[[#This Row],[Zone]]&"_fixed",Sheet1[#Headers],0)) -> 45.4 | L185: =INDEX(Sheet1[],1,MATCH("fwd_"&Table1[[#This Row],[Zone]]&"_additional",Sheet1[#Headers],0)) -> 44.8 | M185: =(Table1[[#This Row],[Weight slab]]-0.5)/0.5 -> 0 | N185: =Table1[[#This Row],[Fixed_Charges]]+Table1[[#This Row],[No_of_Extra_slabs]]*Table1[[#This Row],[Additional_Charges]] -> 45.4 | O185: =_xlfn.XLOOKUP(Table1[[#This Row],[OrderID]],'Courier company invoice'!B:B,'Courier company invoice'!H:H) -> 86.7 | P185: =Table1[[#This Row],[Billing Amount]]-Table1[[#This Row],[Expected charges]] -> 41.3 | Q185: {=_xlfn.IFS(Table1[[#This Row],[Billing Amount]]>Table1[[#This Row],[Expected charges]],"Over Charged",Table1[[#This Row],[Billing Amount]]<Table1[[#This Row],[Expected charges]],"Under Charged",Table1[[#This Row],[Billing Amount]]=Table1[[#This Row],[Expected charges]],"Correctly Charged")} -> Over Charged
A186: 2001809383 | B186: =Table1[[#This Row],[Order ID]]*1 -> 2001809383 | C186: 8904223818850 | D186: 1 | E186: =_xlfn.XLOOKUP(Table1[[#This Row],[SKU (Product Code)]],'SKU Master'!A:A,'SKU Master'!B:B) -> 240 | F186: =Table1[[#This Row],[Product weight]]*Table1[[#This Row],[Order Qty]] -> 240 | G186: =Table1[[#This Row],[Weight per order (g)]]/1000 -> 0.24 | H186: =CEILING(Table1[[#This Row],[Weight per order (Kg)]],0.5) -> 0.5 | I186: =_xlfn.XLOOKUP(Table1[[#This Row],[OrderID]],'Courier company invoice'!B:B,'Courier company invoice'!F:F) -> d | J186: =_xlfn.XLOOKUP(Table1[[#This Row],[OrderID]],Table2[Order ID],Table2[Type of Shipment],"Not Found") -> Forward and RTO charges | K186: =INDEX(Sheet1[],1,MATCH("fwd_"&Table1[[#This Row],[Zone]]&"_fixed",Sheet1[#Headers],0)) -> 45.4 | L186: =INDEX(Sheet1[],1,MATCH("fwd_"&Table1[[#This Row],[Zone]]&"_additional",Sheet1[#Headers],0)) -> 44.8 | M186: =(Table1[[#This Row],[Weight slab]]-0.5)/0.5 -> 0 | N186: =Table1[[#This Row],[Fixed_Charges]]+Table1[[#This Row],[No_of_Extra_slabs]]*Table1[[#This Row],[Additional_Charges]] -> 45.4 | O186: =_xlfn.XLOOKUP(Table1[[#This Row],[OrderID]],'Courier company invoice'!B:B,'Courier company invoice'!H:H) -> 86.7 | P186: =Table1[[#This Row],[Billing Amount]]-Table1[[#This Row],[Expected charges]] -> 41.3 | Q186: {=_xlfn.IFS(Table1[[#This Row],[Billing Amount]]>Table1[[#This Row],[Expected charges]],"Over Charged",Table1[[#This Row],[Billing Amount]]<Table1[[#This Row],[Expected charges]],"Under Charged",Table1[[#This Row],[Billing Amount]]=Table1[[#This Row],[Expected charges]],"Correctly Charged")} -> Over Charged
A187: 2001809383 | B187: =Table1[[#This Row],[Order ID]]*1 -> 2001809383 | C187: 8904223819468 | D187: 1 | E187: =_xlfn.XLOOKUP(Table1[[#This Row],[SKU (Product Code)]],'SKU Master'!A:A,'SKU Master'!B:B) -> 240 | F187: =Table1[[#This Row],[Product weight]]*Table1[[#This Row],[Order Qty]] -> 240 | G187: =Table1[[#This Row],[Weight per order (g)]]/1000 -> 0.24 | H187: =CEILING(Table1[[#This Row],[Weight per order (Kg)]],0.5) -> 0.5 | I187: =_xlfn.XLOOKUP(Table1[[#This Row],[OrderID]],'Courier company invoice'!B:B,'Courier company invoice'!F:F) -> d | J187: =_xlfn.XLOOKUP(Table1[[#This Row],[OrderID]],Table2[Order ID],Table2[Type of Shipment],"Not Found") -> Forward and RTO charges | K187: =INDEX(Sheet1[],1,MATCH("fwd_"&Table1[[#This Row],[Zone]]&"_fixed",Sheet1[#Headers],0)) -> 45.4 | L187: =INDEX(Sheet1[],1,MATCH("fwd_"&Table1[[#This Row],[Zone]]&"_additional",Sheet1[#Headers],0)) -> 44.8 | M187: =(Table1[[#This Row],[Weight slab]]-0.5)/0.5 -> 0 | N187: =Table1[[#This Row],[Fixed_Charges]]+Table1[[#This Row],[No_of_Extra_slabs]]*Table1[[#This Row],[Additional_Charges]] -> 45.4 | O187: =_xlfn.XLOOKUP(Table1[[#This Row],[OrderID]],'Courier company invoice'!B:B,'Courier company invoice'!H:H) -> 86.7 | P187: =Table1[[#This Row],[Billing Amount]]-Table1[[#This Row],[Expected charges]] -> 41.3 | Q187: {=_xlfn.IFS(Table1[[#This Row],[Billing Amount]]>Table1[[#This Row],[Expected charges]],"Over Charged",Table1[[#This Row],[Billing Amount]]<Table1[[#This Row],[Expected charges]],"Under Charged",Table1[[#This Row],[Billing Amount]]=Table1[[#This Row],[Expected charges]],"Correctly Charged")} -> Over Charged
A188: 2001809270 | B188: =Table1[[#This Row],[Order ID]]*1 -> 2001809270 | C188: 8904223818706 | D188: 1 | E188: =_xlfn.XLOOKUP(Table1[[#This Row],[SKU (Product Code)]],'SKU Master'!A:A,'SKU Master'!B:B) -> 127 | F188: =Table1[[#This Row],[Product weight]]*Table1[[#This Row],[Order Qty]] -> 127 | G188: =Table1[[#This Row],[Weight per order (g)]]/1000 -> 0.127 | H188: =CEILING(Table1[[#This Row],[Weight per order (Kg)]],0.5) -> 0.5 | I188: =_xlfn.XLOOKUP(Table1[[#This Row],[OrderID]],'Courier company invoice'!B:B,'Courier company invoice'!F:F) -> d | J188: =_xlfn.XLOOKUP(Table1[[#This Row],[OrderID]],Table2[Order ID],Table2[Type of Shipment],"Not Found") -> Forward charges | K188: =INDEX(Sheet1[],1,MATCH("fwd_"&Table1[[#This Row],[Zone]]&"_fixed",Sheet1[#Headers],0)) -> 45.4 | L188: =INDEX(Sheet1[],1,MATCH("fwd_"&Table1[[#This Row],[Zone]]&"_additional",Sheet1[#Headers],0)) -> 44.8 | M188: =(Table1[[#This Row],[Weight slab]]-0.5)/0.5 -> 0 | N188: =Table1[[#This Row],[Fixed_Charges]]+Table1[[#This Row],[No_of_Extra_slabs]]*Table1[[#This Row],[Additional_Charges]] -> 45.4 | O188: =_xlfn.XLOOKUP(Table1[[#This Row],[OrderID]],'Courier company invoice'!B:B,'Courier company invoice'!H:H) -> 90.2 | P188: =Table1[[#This Row],[Billing Amount]]-Table1[[#This Row],[Expected charges]] -> 44.8 | Q188: {=_xlfn.IFS(Table1[[#This Row],[Billing Amount]]>Table1[[#This Row],[Expected charges]],"Over Charged",Table1[[#This Row],[Billing Amount]]<Table1[[#This Row],[Expected charges]],"Under Charged",Table1[[#This Row],[Billing Amount]]=Table1[[#This Row],[Expected charges]],"Correctly Charged")} -> Over Charged
A189: 2001809270 | B189: =Table1[[#This Row],[Order ID]]*1 -> 2001809270 | C189: 8904223818942 | D189: 1 | E189: =_xlfn.XLOOKUP(Table1[[#This Row],[SKU (Product Code)]],'SKU Master'!A:A,'SKU Master'!B:B) -> 133 | F189: =Table1[[#This Row],[Product weight]]*Table1[[#This Row],[Order Qty]] -> 133 | G189: =Table1[[#This Row],[Weight per order (g)]]/1000 -> 0.133 | H189: =CEILING(Table1[[#This Row],[Weight per order (Kg)]],0.5) -> 0.5 | I189: =_xlfn.XLOOKUP(Table1[[#This Row],[OrderID]],'Courier company invoice'!B:B,'Courier company invoice'!F:F) -> d | J189: =_xlfn.XLOOKUP(Table1[[#This Row],[OrderID]],Table2[Order ID],Table2[Type of Shipment],"Not Found") -> Forward charges | K189: =INDEX(Sheet1[],1,MATCH("fwd_"&Table1[[#This Row],[Zone]]&"_fixed",Sheet1[#Headers],0)) -> 45.4 | L189: =INDEX(Sheet1[],1,MATCH("fwd_"&Table1[[#This Row],[Zone]]&"_additional",Sheet1[#Headers],0)) -> 44.8 | M189: =(Table1[[#This Row],[Weight slab]]-0.5)/0.5 -> 0 | N189: =Table1[[#This Row],[Fixed_Charges]]+Table1[[#This Row],[No_of_Extra_slabs]]*Table1[[#This Row],[Additional_Charges]] -> 45.4 | O189: =_xlfn.XLOOKUP(Table1[[#This Row],[OrderID]],'Courier company invoice'!B:B,'Courier company invoice'!H:H) -> 90.2 | P189: =Table1[[#This Row],[Billing Amount]]-Table1[[#This Row],[Expected charges]] -> 44.8 | Q189: {=_xlfn.IFS(Table1[[#This Row],[Billing Amount]]>Table1[[#This Row],[Expected charges]],"Over Charged",Table1[[#This Row],[Billing Amount]]<Table1[[#This Row],[Expected charges]],"Under Charged",Table1[[#This Row],[Billing Amount]]=Table1[[#This Row],[Expected charges]],"Correctly Charged")} -> Over Charged
A190: 2001809270 | B190: =Table1[[#This Row],[Order ID]]*1 -> 2001809270 | C190: 8904223818850 | D190: 1 | E190: =_xlfn.XLOOKUP(Table1[[#This Row],[SKU (Product Code)]],'SKU Master'!A:A,'SKU Master'!B:B) -> 240 | F190: =Table1[[#This Row],[Product weight]]*Table1[[#This Row],[Order Qty]] -> 240 | G190: =Table1[[#This Row],[Weight per order (g)]]/1000 -> 0.24 | H190: =CEILING(Table1[[#This Row],[Weight per order (Kg)]],0.5) -> 0.5 | I190: =_xlfn.XLOOKUP(Table1[[#This Row],[OrderID]],'Courier company invoice'!B:B,'Courier company invoice'!F:F) -> d | J190: =_xlfn.XLOOKUP(Table1[[#This Row],[OrderID]],Table2[Order ID],Table2[Type of Shipment],"Not Found") -> Forward charges | K190: =INDEX(Sheet1[],1,MATCH("fwd_"&Table1[[#This Row],[Zone]]&"_fixed",Sheet1[#Headers],0)) -> 45.4 | L190: =INDEX(Sheet1[],1,MATCH("fwd_"&Table1[[#This Row],[Zone]]&"_additional",Sheet1[#Headers],0)) -> 44.8 | M190: =(Table1[[#This Row],[Weight slab]]-0.5)/0.5 -> 0 | N190: =Table1[[#This Row],[Fixed_Charges]]+Table1[[#This Row],[No_of_Extra_slabs]]*Table1[[#This Row],[Additional_Charges]] -> 45.4 | O190: =_xlfn.XLOOKUP(Table1[[#This Row],[OrderID]],'Courier company invoice'!B:B,'Courier company invoice'!H:H) -> 90.2 | P190: =Table1[[#This Row],[Billing Amount]]-Table1[[#This Row],[Expected charges]] -> 44.8 | Q190: {=_xlfn.IFS(Table1[[#This Row],[Billing Amount]]>Table1[[#This Row],[Expected charges]],"Over Charged",Table1[[#This Row],[Billing Amount]]<Table1[[#This Row],[Expected charges]],"Under Charged",Table1[[#This Row],[Billing Amount]]=Table1[[#This Row],[Expected charges]],"Correctly Charged")} -> Over Charged
A191: 2001808992 | B191: =Table1[[#This Row],[Order ID]]*1 -> 2001808992 | C191: 8904223818706 | D191: 1 | E191: =_xlfn.XLOOKUP(Table1[[#This Row],[SKU (Product Code)]],'SKU Master'!A:A,'SKU Master'!B:B) -> 127 | F191: =Table1[[#This Row],[Product weight]]*Table1[[#This Row],[Order Qty]] -> 127 | G191: =Table1[[#This Row],[Weight per order (g)]]/1000 -> 0.127 | H191: =CEILING(Table1[[#This Row],[Weight per order (Kg)]],0.5) -> 0.5 | I191: =_xlfn.XLOOKUP(Table1[[#This Row],[OrderID]],'Courier company invoice'!B:B,'Courier company invoice'!F:F) -> d | J191: =_xlfn.XLOOKUP(Table1[[#This Row],[OrderID]],Table2[Order ID],Table2[Type of Shipment],"Not Found") -> Forward charges | K191: =INDEX(Sheet1[],1,MATCH("fwd_"&Table1[[#This Row],[Zone]]&"_fixed",Sheet1[#Headers],0)) -> 45.4 | L191: =INDEX(Sheet1[],1,MATCH("fwd_"&Table1[[#This Row],[Zone]]&"_additional",Sheet1[#Headers],0)) -> 44.8 | M191: =(Table1[[#This Row],[Weight slab]]-0.5)/0.5 -> 0 | N191: =Table1[[#This Row],[Fixed_Charges]]+Table1[[#This Row],[No_of_Extra_slabs]]*Table1[[#This Row],[Additional_Charges]] -> 45.4 | O191: =_xlfn.XLOOKUP(Table1[[#This Row],[OrderID]],'Courier company invoice'!B:B,'Courier company invoice'!H:H) -> 90.2 | P191: =Table1[[#This Row],[Billing Amount]]-Table1[[#This Row],[Expected charges]] -> 44.8 | Q191: {=_xlfn.IFS(Table1[[#This Row],[Billing Amount]]>Table1[[#This Row],[Expected charges]],"Over Charged",Table1[[#This Row],[Billing Amount]]<Table1[[#This Row],[Expected charges]],"Under Charged",Table1[[#This Row],[Billing Amount]]=Table1[[#This Row],[Expected charges]],"Correctly Charged")} -> Over Charged
... A213: 2001808675 | B213: =Table1[[#This Row],[Order ID]]*1 -> 2001808675 | C213: 8904223817334 | D213: 1 | E213: =_xlfn.XLOOKUP(Table1[[#This Row],[SKU (Product Code)]],'SKU Master'!A:A,'SKU Master'!B:B) -> 170 | F213: =Table1[[#This Row],[Product weight]]*Table1[[#This Row],[Order Qty]] -> 170 | G213: =Table1[[#This Row],[Weight per order (g)]]/1000 -> 0.17 | H213: =CEILING(Table1[[#This Row],[Weight per order (Kg)]],0.5) -> 0.5 | I213: =_xlfn.XLOOKUP(Table1[[#This Row],[OrderID]],'Courier company invoice'!B:B,'Courier company invoice'!F:F) -> b | J213: =_xlfn.XLOOKUP(Table1[[#This Row],[OrderID]],Table2[Order ID],Table2[Type of Shipment],"Not Found") -> Forward charges | K213: =INDEX(Sheet1[],1,MATCH("fwd_"&Table1[[#This Row],[Zone]]&"_fixed",Sheet1[#Headers],0)) -> 33 | L213: =INDEX(Sheet1[],1,MATCH("fwd_"&Table1[[#This Row],[Zone]]&"_additional",Sheet1[#Headers],0)) -> 28.3 | M213: =(Table1[[#This Row],[Weight slab]]-0.5)/0.5 -> 0 | N213: =Table1[[#This Row],[Fixed_Charges]]+Table1[[#This Row],[No_of_Extra_slabs]]*Table1[[#This Row],[Additional_Charges]] -> 33 | O213: =_xlfn.XLOOKUP(Table1[[#This Row],[OrderID]],'Courier company invoice'!B:B,'Courier company invoice'!H:H) -> 89.6 | P213: =Table1[[#This Row],[Billing Amount]]-Table1[[#This Row],[Expected charges]] -> 56.6 | Q213: {=_xlfn.IFS(Table1[[#This Row],[Billing Amount]]>Table1[[#This Row],[Expected charges]],"Over Charged",Table1[[#This Row],[Billing Amount]]<Table1[[#This Row],[Expected charges]],"Under Charged",Table1[[#This Row],[Billing Amount]]=Table1[[#This Row],[Expected charges]],"Correctly Charged")} -> Over Charged
A214: 2001808675 | B214: =Table1[[#This Row],[Order ID]]*1 -> 2001808675 | C214: GIFTBOX202001 | D214: 1 | E214: =_xlfn.XLOOKUP(Table1[[#This Row],[SKU (Product Code)]],'SKU Master'!A:A,'SKU Master'!B:B) -> 500 | F214: =Table1[[#This Row],[Product weight]]*Table1[[#This Row],[Order Qty]] -> 500 | G214: =Table1[[#This Row],[Weight per order (g)]]/1000 -> 0.5 | H214: =CEILING(Table1[[#This Row],[Weight per order (Kg)]],0.5) -> 0.5 | I214: =_xlfn.XLOOKUP(Table1[[#This Row],[OrderID]],'Courier company invoice'!B:B,'Courier company invoice'!F:F) -> b | J214: =_xlfn.XLOOKUP(Table1[[#This Row],[OrderID]],Table2[Order ID],Table2[Type of Shipment],"Not Found") -> Forward charges | K214: =INDEX(Sheet1[],1,MATCH("fwd_"&Table1[[#This Row],[Zone]]&"_fixed",Sheet1[#Headers],0)) -> 33 | L214: =INDEX(Sheet1[],1,MATCH("fwd_"&Table1[[#This Row],[Zone]]&"_additional",Sheet1[#Headers],0)) -> 28.3 | M214: =(Table1[[#This Row],[Weight slab]]-0.5)/0.5 -> 0 | N214: =Table1[[#This Row],[Fixed_Charges]]+Table1[[#This Row],[No_of_Extra_slabs]]*Table1[[#This Row],[Additional_Charges]] -> 33 | O214: =_xlfn.XLOOKUP(Table1[[#This Row],[OrderID]],'Courier company invoice'!B:B,'Courier company invoice'!H:H) -> 89.6 | P214: =Table1[[#This Row],[Billing Amount]]-Table1[[#This Row],[Expected charges]] -> 56.6 | Q214: {=_xlfn.IFS(Table1[[#This Row],[Billing Amount]]>Table1[[#This Row],[Expected charges]],"Over Charged",Table1[[#This Row],[Billing Amount]]<Table1[[#This Row],[Expected charges]],"Under Charged",Table1[[#This Row],[Billing Amount]]=Table1[[#This Row],[Expected charges]],"Correctly Charged")} -> Over Charged
A215: 2001808675 | B215: =Table1[[#This Row],[Order ID]]*1 -> 2001808675 | C215: 8904223819369 | D215: 1 | E215: =_xlfn.XLOOKUP(Table1[[#This Row],[SKU (Product Code)]],'SKU Master'!A:A,'SKU Master'!B:B) -> 170 | F215: =Table1[[#This Row],[Product weight]]*Table1[[#This Row],[Order Qty]] -> 170 | G215: =Table1[[#This Row],[Weight per order (g)]]/1000 -> 0.17 | H215: =CEILING(Table1[[#This Row],[Weight per order (Kg)]],0.5) -> 0.5 | I215: =_xlfn.XLOOKUP(Table1[[#This Row],[OrderID]],'Courier company invoice'!B:B,'Courier company invoice'!F:F) -> b | J215: =_xlfn.XLOOKUP(Table1[[#This Row],[OrderID]],Table2[Order ID],Table2[Type of Shipment],"Not Found") -> Forward charges | K215: =INDEX(Sheet1[],1,MATCH("fwd_"&Table1[[#This Row],[Zone]]&"_fixed",Sheet1[#Headers],0)) -> 33 | L215: =INDEX(Sheet1[],1,MATCH("fwd_"&Table1[[#This Row],[Zone]]&"_additional",Sheet1[#Headers],0)) -> 28.3 | M215: =(Table1[[#This Row],[Weight slab]]-0.5)/0.5 -> 0 | N215: =Table1[[#This Row],[Fixed_Charges]]+Table1[[#This Row],[No_of_Extra_slabs]]*Table1[[#This Row],[Additional_Charges]] -> 33 | O215: =_xlfn.XLOOKUP(Table1[[#This Row],[OrderID]],'Courier company invoice'!B:B,'Courier company invoice'!H:H) -> 89.6 | P215: =Table1[[#This Row],[Billing Amount]]-Table1[[#This Row],[Expected charges]] -> 56.6 | Q215: {=_xlfn.IFS(Table1[[#This Row],[Billing Amount]]>Table1[[#This Row],[Expected charges]],"Over Charged",Table1[[#This Row],[Billing Amount]]<Table1[[#This Row],[Expected charges]],"Under Charged",Table1[[#This Row],[Billing Amount]]=Table1[[#This Row],[Expected charges]],"Correctly Charged")} -> Over Charged
A216: 2001808585 | B216: =Table1[[#This Row],[Order ID]]*1 -> 2001808585 | C216: 8904223818706 | D216: 1 | E216: =_xlfn.XLOOKUP(Table1[[#This Row],[SKU (Product Code)]],'SKU Master'!A:A,'SKU Master'!B:B) -> 127 | F216: =Table1[[#This Row],[Product weight]]*Table1[[#This Row],[Order Qty]] -> 127 | G216: =Table1[[#This Row],[Weight per order (g)]]/1000 -> 0.127 | H216: =CEILING(Table1[[#This Row],[Weight per order (Kg)]],0.5) -> 0.5 | I216: =_xlfn.XLOOKUP(Table1[[#This Row],[OrderID]],'Courier company invoice'!B:B,'Courier company invoice'!F:F) -> b | J216: =_xlfn.XLOOKUP(Table1[[#This Row],[OrderID]],Table2[Order ID],Table2[Type of Shipment],"Not Found") -> Forward charges | K216: =INDEX(Sheet1[],1,MATCH("fwd_"&Table1[[#This Row],[Zone]]&"_fixed",Sheet1[#Headers],0)) -> 33 | L216: =INDEX(Sheet1[],1,MATCH("fwd_"&Table1[[#This Row],[Zone]]&"_additional",Sheet1[#Headers],0)) -> 28.3 | M216: =(Table1[[#This Row],[Weight slab]]-0.5)/0.5 -> 0 | N216: =Table1[[#This Row],[Fixed_Charges]]+Table1[[#This Row],[No_of_Extra_slabs]]*Table1[[#This Row],[Additional_Charges]] -> 33 | O216: =_xlfn.XLOOKUP(Table1[[#This Row],[OrderID]],'Courier company invoice'!B:B,'Courier company invoice'!H:H) -> 61.3 | P216: =Table1[[#This Row],[Billing Amount]]-Table1[[#This Row],[Expected charges]] -> 28.3 | Q216: {=_xlfn.IFS(Table1[[#This Row],[Billing Amount]]>Table1[[#This Row],[Expected charges]],"Over Charged",Table1[[#This Row],[Billing Amount]]<Table1[[#This Row],[Expected charges]],"Under Charged",Table1[[#This Row],[Billing Amount]]=Table1[[#This Row],[Expected charges]],"Correctly Charged")} -> Over Charged
A217: 2001808585 | B217: =Table1[[#This Row],[Order ID]]*1 -> 2001808585 | C217: 8904223818942 | D217: 1 | E217: =_xlfn.XLOOKUP(Table1[[#This Row],[SKU (Product Code)]],'SKU Master'!A:A,'SKU Master'!B:B) -> 133 | F217: =Table1[[#This Row],[Product weight]]*Table1[[#This Row],[Order Qty]] -> 133 | G217: =Table1[[#This Row],[Weight per order (g)]]/1000 -> 0.133 | H217: =CEILING(Table1[[#This Row],[Weight per order (Kg)]],0.5) -> 0.5 | I217: =_xlfn.XLOOKUP(Table1[[#This Row],[OrderID]],'Courier company invoice'!B:B,'Courier company invoice'!F:F) -> b | J217: =_xlfn.XLOOKUP(Table1[[#This Row],[OrderID]],Table2[Order ID],Table2[Type of Shipment],"Not Found") -> Forward charges | K217: =INDEX(Sheet1[],1,MATCH("fwd_"&Table1[[#This Row],[Zone]]&"_fixed",Sheet1[#Headers],0)) -> 33 | L217: =INDEX(Sheet1[],1,MATCH("fwd_"&Table1[[#This Row],[Zone]]&"_additional",Sheet1[#Headers],0)) -> 28.3 | M217: =(Table1[[#This Row],[Weight slab]]-0.5)/0.5 -> 0 | N217: =Table1[[#This Row],[Fixed_Charges]]+Table1[[#This Row],[No_of_Extra_slabs]]*Table1[[#This Row],[Additional_Charges]] -> 33 | O217: =_xlfn.XLOOKUP(Table1[[#This Row],[OrderID]],'Courier company invoice'!B:B,'Courier company invoice'!H:H) -> 61.3 | P217: =Table1[[#This Row],[Billing Amount]]-Table1[[#This Row],[Expected charges]] -> 28.3 | Q217: {=_xlfn.IFS(Table1[[#This Row],[Billing Amount]]>Table1[[#This Row],[Expected charges]],"Over Charged",Table1[[#This Row],[Billing Amount]]<Table1[[#This Row],[Expected charges]],"Under Charged",Table1[[#This Row],[Billing Amount]]=Table1[[#This Row],[Expected charges]],"Correctly Charged")} -> Over Charged
A218: 2001808585 | B218: =Table1[[#This Row],[Order ID]]*1 -> 2001808585 | C218: 8904223818850 | D218: 1 | E218: =_xlfn.XLOOKUP(Table1[[#This Row],[SKU (Product Code)]],'SKU Master'!A:A,'SKU Master'!B:B) -> 240 | F218: =Table1[[#This Row],[Product weight]]*Table1[[#This Row],[Order Qty]] -> 240 | G218: =Table1[[#This Row],[Weight per order (g)]]/1000 -> 0.24 | H218: =CEILING(Table1[[#This Row],[Weight per order (Kg)]],0.5) -> 0.5 | I218: =_xlfn.XLOOKUP(Table1[[#This Row],[OrderID]],'Courier company invoice'!B:B,'Courier company invoice'!F:F) -> b | J218: =_xlfn.XLOOKUP(Table1[[#This Row],[OrderID]],Table2[Order ID],Table2[Type of Shipment],"Not Found") -> Forward charges | K218: =INDEX(Sheet1[],1,MATCH("fwd_"&Table1[[#This Row],[Zone]]&"_fixed",Sheet1[#Headers],0)) -> 33 | L218: =INDEX(Sheet1[],1,MATCH("fwd_"&Table1[[#This Row],[Zone]]&"_additional",Sheet1[#Headers],0)) -> 28.3 | M218: =(Table1[[#This Row],[Weight slab]]-0.5)/0.5 -> 0 | N218: =Table1[[#This Row],[Fixed_Charges]]+Table1[[#This Row],[No_of_Extra_slabs]]*Table1[[#This Row],[Additional_Charges]] -> 33 | O218: =_xlfn.XLOOKUP(Table1[[#This Row],[OrderID]],'Courier company invoice'!B:B,'Courier company invoice'!H:H) -> 61.3 | P218: =Table1[[#This Row],[Billing Amount]]-Table1[[#This Row],[Expected charges]] -> 28.3 | Q218: {=_xlfn.IFS(Table1[[#This Row],[Billing Amount]]>Table1[[#This Row],[Expected charges]],"Over Charged",Table1[[#This Row],[Billing Amount]]<Table1[[#This Row],[Expected charges]],"Under Charged",Table1[[#This Row],[Billing Amount]]=Table1[[#This Row],[Expected charges]],"Correctly Charged")} -> Over Charged
A219: 2001808542 | B219: =Table1[[#This Row],[Order ID]]*1 -> 2001808542 | C219: 8904223819468 | D219: 2 | E219: =_xlfn.XLOOKUP(Table1[[#This Row],[SKU (Product Code)]],'SKU Master'!A:A,'SKU Master'!B:B) -> 240 | F219: =Table1[[#This Row],[Product weight]]*Table1[[#This Row],[Order Qty]] -> 480 | G219: =Table1[[#This Row],[Weight per order (g)]]/1000 -> 0.48 | H219: =CEILING(Table1[[#This Row],[Weight per order (Kg)]],0.5) -> 0.5 | I219: =_xlfn.XLOOKUP(Table1[[#This Row],[OrderID]],'Courier company invoice'!B:B,'Courier company invoice'!F:F) -> d | J219: =_xlfn.XLOOKUP(Table1[[#This Row],[OrderID]],Table2[Order ID],Table2[Type of Shipment],"Not Found") -> Forward charges | K219: =INDEX(Sheet1[],1,MATCH("fwd_"&Table1[[#This Row],[Zone]]&"_fixed",Sheet1[#Headers],0)) -> 45.4 | L219: =INDEX(Sheet1[],1,MATCH("fwd_"&Table1[[#This Row],[Zone]]&"_additional",Sheet1[#Headers],0)) -> 44.8 | M219: =(Table1[[#This Row],[Weight slab]]-0.5)/0.5 -> 0 | N219: =Table1[[#This Row],[Fixed_Charges]]+Table1[[#This Row],[No_of_Extra_slabs]]*Table1[[#This Row],[Additional_Charges]] -> 45.4 | O219: =_xlfn.XLOOKUP(Table1[[#This Row],[OrderID]],'Courier company invoice'!B:B,'Courier company invoice'!H:H) -> 90.2 | P219: =Table1[[#This Row],[Billing Amount]]-Table1[[#This Row],[Expected charges]] -> 44.8 | Q219: {=_xlfn.IFS(Table1[[#This Row],[Billing Amount]]>Table1[[#This Row],[Expected charges]],"Over Charged",Table1[[#This Row],[Billing Amount]]<Table1[[#This Row],[Expected charges]],"Under Charged",Table1[[#This Row],[Billing Amount]]=Table1[[#This Row],[Expected charges]],"Correctly Charged")} -> Over Charged
A220: 2001808542 | B220: =Table1[[#This Row],[Order ID]]*1 -> 2001808542 | C220: 8904223818706 | D220: 2 | E220: =_xlfn.XLOOKUP(Table1[[#This Row],[SKU (Product Code)]],'SKU Master'!A:A,'SKU Master'!B:B) -> 127 | F220: =Table1[[#This Row],[Product weight]]*Table1[[#This Row],[Order Qty]] -> 254 | G220: =Table1[[#This Row],[Weight per order (g)]]/1000 -> 0.254 | H220: =CEILING(Table1[[#This Row],[Weight per order (Kg)]],0.5) -> 0.5 | I220: =_xlfn.XLOOKUP(Table1[[#This Row],[OrderID]],'Courier company invoice'!B:B,'Courier company invoice'!F:F) -> d | J220: =_xlfn.XLOOKUP(Table1[[#This Row],[OrderID]],Table2[Order ID],Table2[Type of Shipment],"Not Found") -> Forward charges | K220: =INDEX(Sheet1[],1,MATCH("fwd_"&Table1[[#This Row],[Zone]]&"_fixed",Sheet1[#Headers],0)) -> 45.4 | L220: =INDEX(Sheet1[],1,MATCH("fwd_"&Table1[[#This Row],[Zone]]&"_additional",Sheet1[#Headers],0)) -> 44.8 | M220: =(Table1[[#This Row],[Weight slab]]-0.5)/0.5 -> 0 | N220: =Table1[[#This Row],[Fixed_Charges]]+Table1[[#This Row],[No_of_Extra_slabs]]*Table1[[#This Row],[Additional_Charges]] -> 45.4 | O220: =_xlfn.XLOOKUP(Table1[[#This Row],[OrderID]],'Courier company invoice'!B:B,'Courier company invoice'!H:H) -> 90.2 | P220: =Table1[[#This Row],[Billing Amount]]-Table1[[#This Row],[Expected charges]] -> 44.8 | Q220: {=_xlfn.IFS(Table1[[#This Row],[Billing Amount]]>Table1[[#This Row],[Expected charges]],"Over Charged",Table1[[#This Row],[Billing Amount]]<Table1[[#This Row],[Expected charges]],"Under Charged",Table1[[#This Row],[Billing Amount]]=Table1[[#This Row],[Expected charges]],"Correctly Charged")} -> Over Charged
A221: 2001808507 | B221: =Table1[[#This Row],[Order ID]]*1 -> 2001808507 | C221: 8904223818706 | D221: 1 | E221: =_xlfn.XLOOKUP(Table1[[#This Row],[SKU (Product Code)]],'SKU Master'!A:A,'SKU Master'!B:B) -> 127 | F221: =Table1[[#This Row],[Product weight]]*Table1[[#This Row],[Order Qty]] -> 127 | G221: =Table1[[#This Row],[Weight per order (g)]]/1000 -> 0.127 | H221: =CEILING(Table1[[#This Row],[Weight per order (Kg)]],0.5) -> 0.5 | I221: =_xlfn.XLOOKUP(Table1[[#This Row],[OrderID]],'Courier company invoice'!B:B,'Courier company invoice'!F:F) -> b | J221: =_xlfn.XLOOKUP(Table1[[#This Row],[OrderID]],Table2[Order ID],Table2[Type of Shipment],"Not Found") -> Forward charges | K221: =INDEX(Sheet1[],1,MATCH("fwd_"&Table1[[#This Row],[Zone]]&"_fixed",Sheet1[#Headers],0)) -> 33 | L221: =INDEX(Sheet1[],1,MATCH("fwd_"&Table1[[#This Row],[Zone]]&"_additional",Sheet1[#Headers],0)) -> 28.3 | M221: =(Table1[[#This Row],[Weight slab]]-0.5)/0.5 -> 0 | N221: =Table1[[#This Row],[Fixed_Charges]]+Table1[[#This Row],[No_of_Extra_slabs]]*Table1[[#This Row],[Additional_Charges]] -> 33 | O221: =_xlfn.XLOOKUP(Table1[[#This Row],[OrderID]],'Courier company invoice'!B:B,'Courier company invoice'!H:H) -> 61.3 | P221: =Table1[[#This Row],[Billing Amount]]-Table1[[#This Row],[Expected charges]] -> 28.3 | Q221: {=_xlfn.IFS(Table1[[#This Row],[Billing Amount]]>Table1[[#This Row],[Expected charges]],"Over Charged",Table1[[#This Row],[Billing Amount]]<Table1[[#This Row],[Expected charges]],"Under Charged",Table1[[#This Row],[Billing Amount]]=Table1[[#This Row],[Expected charges]],"Correctly Charged")} -> Over Charged
A222: 2001808507 | B222: =Table1[[#This Row],[Order ID]]*1 -> 2001808507 | C222: 8904223818850 | D222: 1 | E222: =_xlfn.XLOOKUP(Table1[[#This Row],[SKU (Product Code)]],'SKU Master'!A:A,'SKU Master'!B:B) -> 240 | F222: =Table1[[#This Row],[Product weight]]*Table1[[#This Row],[Order Qty]] -> 240 | G222: =Table1[[#This Row],[Weight per order (g)]]/1000 -> 0.24 | H222: =CEILING(Table1[[#This Row],[Weight per order (Kg)]],0.5) -> 0.5 | I222: =_xlfn.XLOOKUP(Table1[[#This Row],[OrderID]],'Courier company invoice'!B:B,'Courier company invoice'!F:F) -> b | J222: =_xlfn.XLOOKUP(Table1[[#This Row],[OrderID]],Table2[Order ID],Table2[Type of Shipment],"Not Found") -> Forward charges | K222: =INDEX(Sheet1[],1,MATCH("fwd_"&Table1[[#This Row],[Zone]]&"_fixed",Sheet1[#Headers],0)) -> 33 | L222: =INDEX(Sheet1[],1,MATCH("fwd_"&Table1[[#This Row],[Zone]]&"_additional",Sheet1[#Headers],0)) -> 28.3 | M222: =(Table1[[#This Row],[Weight slab]]-0.5)/0.5 -> 0 | N222: =Table1[[#This Row],[Fixed_Charges]]+Table1[[#This Row],[No_of_Extra_slabs]]*Table1[[#This Row],[Additional_Charges]] -> 33 | O222: =_xlfn.XLOOKUP(Table1[[#This Row],[OrderID]],'Courier company invoice'!B:B,'Courier company invoice'!H:H) -> 61.3 | P222: =Table1[[#This Row],[Billing Amount]]-Table1[[#This Row],[Expected charges]] -> 28.3 | Q222: {=_xlfn.IFS(Table1[[#This Row],[Billing Amount]]>Table1[[#This Row],[Expected charges]],"Over Charged",Table1[[#This Row],[Billing Amount]]<Table1[[#This Row],[Expected charges]],"Under Charged",Table1[[#This Row],[Billing Amount]]=Table1[[#This Row],[Expected charges]],"Correctly Charged")} -> Over Charged
A223: 2001808507 | B223: =Table1[[#This Row],[Order ID]]*1 -> 2001808507 | C223: 8904223819468 | D223: 1 | E223: =_xlfn.XLOOKUP(Table1[[#This Row],[SKU (Product Code)]],'SKU Master'!A:A,'SKU Master'!B:B) -> 240 | F223: =Table1[[#This Row],[Product weight]]*Table1[[#This Row],[Order Qty]] -> 240 | G223: =Table1[[#This Row],[Weight per order (g)]]/1000 -> 0.24 | H223: =CEILING(Table1[[#This Row],[Weight per order (Kg)]],0.5) -> 0.5 | I223: =_xlfn.XLOOKUP(Table1[[#This Row],[OrderID]],'Courier company invoice'!B:B,'Courier company invoice'!F:F) -> b | J223: =_xlfn.XLOOKUP(Table1[[#This Row],[OrderID]],Table2[Order ID],Table2[Type of Shipment],"Not Found") -> Forward charges | K223: =INDEX(Sheet1[],1,MATCH("fwd_"&Table1[[#This Row],[Zone]]&"_fixed",Sheet1[#Headers],0)) -> 33 | L223: =INDEX(Sheet1[],1,MATCH("fwd_"&Table1[[#This Row],[Zone]]&"_additional",Sheet1[#Headers],0)) -> 28.3 | M223: =(Table1[[#This Row],[Weight slab]]-0.5)/0.5 -> 0 | N223: =Table1[[#This Row],[Fixed_Charges]]+Table1[[#This Row],[No_of_Extra_slabs]]*Table1[[#This Row],[Additional_Charges]] -> 33 | O223: =_xlfn.XLOOKUP(Table1[[#This Row],[OrderID]],'Courier company invoice'!B:B,'Courier company invoice'!H:H) -> 61.3 | P223: =Table1[[#This Row],[Billing Amount]]-Table1[[#This Row],[Expected charges]] -> 28.3 | Q223: {=_xlfn.IFS(Table1[[#This Row],[Billing Amount]]>Table1[[#This Row],[Expected charges]],"Over Charged",Table1[[#This Row],[Billing Amount]]<Table1[[#This Row],[Expected charges]],"Under Charged",Table1[[#This Row],[Billing Amount]]=Table1[[#This Row],[Expected charges]],"Correctly Charged")} -> Over Charged
A224: 2001808475 | B224: =Table1[[#This Row],[Order ID]]*1 -> 2001808475 | C224: 8904223818706 | D224: 1 | E224: =_xlfn.XLOOKUP(Table1[[#This Row],[SKU (Product Code)]],'SKU Master'!A:A,'SKU Master'!B:B) -> 127 | F224: =Table1[[#This Row],[Product weight]]*Table1[[#This Row],[Order Qty]] -> 127 | G224: =Table1[[#This Row],[Weight per order (g)]]/1000 -> 0.127 | H224: =CEILING(Table1[[#This Row],[Weight per order (Kg)]],0.5) -> 0.5 | I224: =_xlfn.XLOOKUP(Table1[[#This Row],[OrderID]],'Courier company invoice'!B:B,'Courier company invoice'!F:F) -> d | J224: =_xlfn.XLOOKUP(Table1[[#This Row],[OrderID]],Table2[Order ID],Table2[Type of Shipment],"Not Found") -> Forward charges | K224: =INDEX(Sheet1[],1,MATCH("fwd_"&Table1[[#This Row],[Zone]]&"_fixed",Sheet1[#Headers],0)) -> 45.4 | L224: =INDEX(Sheet1[],1,MATCH("fwd_"&Table1[[#This Row],[Zone]]&"_additional",Sheet1[#Headers],0)) -> 44.8 | M224: =(Table1[[#This Row],[Weight slab]]-0.5)/0.5 -> 0 | N224: =Table1[[#This Row],[Fixed_Charges]]+Table1[[#This Row],[No_of_Extra_slabs]]*Table1[[#This Row],[Additional_Charges]] -> 45.4 | O224: =_xlfn.XLOOKUP(Table1[[#This Row],[OrderID]],'Courier company invoice'!B:B,'Courier company invoice'!H:H) -> 90.2 | P224: =Table1[[#This Row],[Billing Amount]]-Table1[[#This Row],[Expected charges]] -> 44.8 | Q224: {=_xlfn.IFS(Table1[[#This Row],[Billing Amount]]>Table1[[#This Row],[Expected charges]],"Over Charged",Table1[[#This Row],[Billing Amount]]<Table1[[#This Row],[Expected charges]],"Under Charged",Table1[[#This Row],[Billing Amount]]=Table1[[#This Row],[Expected charges]],"Correctly Charged")} -> Over Charged
A225: 2001808475 | B225: =Table1[[#This Row],[Order ID]]*1 -> 2001808475 | C225: 8904223818942 | D225: 1 | E225: =_xlfn.XLOOKUP(Table1[[#This Row],[SKU (Product Code)]],'SKU Master'!A:A,'SKU Master'!B:B) -> 133 | F225: =Table1[[#This Row],[Product weight]]*Table1[[#This Row],[Order Qty]] -> 133 | G225: =Table1[[#This Row],[Weight per order (g)]]/1000 -> 0.133 | H225: =CEILING(Table1[[#This Row],[Weight per order (Kg)]],0.5) -> 0.5 | I225: =_xlfn.XLOOKUP(Table1[[#This Row],[OrderID]],'Courier company invoice'!B:B,'Courier company invoice'!F:F) -> d | J225: =_xlfn.XLOOKUP(Table1[[#This Row],[OrderID]],Table2[Order ID],Table2[Type of Shipment],"Not Found") -> Forward charges | K225: =INDEX(Sheet1[],1,MATCH("fwd_"&Table1[[#This Row],[Zone]]&"_fixed",Sheet1[#Headers],0)) -> 45.4 | L225: =INDEX(Sheet1[],1,MATCH("fwd_"&Table1[[#This Row],[Zone]]&"_additional",Sheet1[#Headers],0)) -> 44.8 | M225: =(Table1[[#This Row],[Weight slab]]-0.5)/0.5 -> 0 | N225: =Table1[[#This Row],[Fixed_Charges]]+Table1[[#This Row],[No_of_Extra_slabs]]*Table1[[#This Row],[Additional_Charges]] -> 45.4 | O225: =_xlfn.XLOOKUP(Table1[[#This Row],[OrderID]],'Courier company invoice'!B:B,'Courier company invoice'!H:H) -> 90.2 | P225: =Table1[[#This Row],[Billing Amount]]-Table1[[#This Row],[Expected charges]] -> 44.8 | Q225: {=_xlfn.IFS(Table1[[#This Row],[Billing Amount]]>Table1[[#This Row],[Expected charges]],"Over Charged",Table1[[#This Row],[Billing Amount]]<Table1[[#This Row],[Expected charges]],"Under Charged",Table1[[#This Row],[Billing Amount]]=Table1[[#This Row],[Expected charges]],"Correctly Charged")} -> Over Charged
A226: 2001808475 | B226: =Table1[[#This Row],[Order ID]]*1 -> 2001808475 | C226: 8904223818850 | D226: 1 | E226: =_xlfn.XLOOKUP(Table1[[#This Row],[SKU (Product Code)]],'SKU Master'!A:A,'SKU Master'!B:B) -> 240 | F226: =Table1[[#This Row],[Product weight]]*Table1[[#This Row],[Order Qty]] -> 240 | G226: =Table1[[#This Row],[Weight per order (g)]]/1000 -> 0.24 | H226: =CEILING(Table1[[#This Row],[Weight per order (Kg)]],0.5) -> 0.5 | I226: =_xlfn.XLOOKUP(Table1[[#This Row],[OrderID]],'Courier company invoice'!B:B,'Courier company invoice'!F:F) -> d | J226: =_xlfn.XLOOKUP(Table1[[#This Row],[OrderID]],Table2[Order ID],Table2[Type of Shipment],"Not Found") -> Forward charges | K226: =INDEX(Sheet1[],1,MATCH("fwd_"&Table1[[#This Row],[Zone]]&"_fixed",Sheet1[#Headers],0)) -> 45.4 | L226: =INDEX(Sheet1[],1,MATCH("fwd_"&Table1[[#This Row],[Zone]]&"_additional",Sheet1[#Headers],0)) -> 44.8 | M226: =(Table1[[#This Row],[Weight slab]]-0.5)/0.5 -> 0 | N226: =Table1[[#This Row],[Fixed_Charges]]+Table1[[#This Row],[No_of_Extra_slabs]]*Table1[[#This Row],[Additional_Charges]] -> 45.4 | O226: =_xlfn.XLOOKUP(Table1[[#This Row],[OrderID]],'Courier company invoice'!B:B,'Courier company invoice'!H:H) -> 90.2 | P226: =Table1[[#This Row],[Billing Amount]]-Table1[[#This Row],[Expected charges]] -> 44.8 | Q226: {=_xlfn.IFS(Table1[[#This Row],[Billing Amount]]>Table1[[#This Row],[Expected charges]],"Over Charged",Table1[[#This Row],[Billing Amount]]<Table1[[#This Row],[Expected charges]],"Under Charged",Table1[[#This Row],[Billing Amount]]=Table1[[#This Row],[Expected charges]],"Correctly Charged")} -> Over Charged
... A401: 2001806210 | B401: =Table1[[#This Row],[Order ID]]*1 -> 2001806210 | C401: 8904223818874 | D401: 1 | E401: =_xlfn.XLOOKUP(Table1[[#This Row],[SKU (Product Code)]],'SKU Master'!A:A,'SKU Master'!B:B) -> 100 | F401: =Table1[[#This Row],[Product weight]]*Table1[[#This Row],[Order Qty]] -> 100 | G401: =Table1[[#This Row],[Weight per order (g)]]/1000 -> 0.1 | H401: =CEILING(Table1[[#This Row],[Weight per order (Kg)]],0.5) -> 0.5 | I401: =_xlfn.XLOOKUP(Table1[[#This Row],[OrderID]],'Courier company invoice'!B:B,'Courier company invoice'!F:F) -> b | J401: =_xlfn.XLOOKUP(Table1[[#This Row],[OrderID]],Table2[Order ID],Table2[Type of Shipment],"Not Found") -> Forward charges | K401: =INDEX(Sheet1[],1,MATCH("fwd_"&Table1[[#This Row],[Zone]]&"_fixed",Sheet1[#Headers],0)) -> 33 | L401: =INDEX(Sheet1[],1,MATCH("fwd_"&Table1[[#This Row],[Zone]]&"_additional",Sheet1[#Headers],0)) -> 28.3 | M401: =(Table1[[#This Row],[Weight slab]]-0.5)/0.5 -> 0 | N401: =Table1[[#This Row],[Fixed_Charges]]+Table1[[#This Row],[No_of_Extra_slabs]]*Table1[[#This Row],[Additional_Charges]] -> 33 | O401: =_xlfn.XLOOKUP(Table1[[#This Row],[OrderID]],'Courier company invoice'!B:B,'Courier company invoice'!H:H) -> 174.5 | P401: =Table1[[#This Row],[Billing Amount]]-Table1[[#This Row],[Expected charges]] -> 141.5 | Q401: {=_xlfn.IFS(Table1[[#This Row],[Billing Amount]]>Table1[[#This Row],[Expected charges]],"Over Charged",Table1[[#This Row],[Billing Amount]]<Table1[[#This Row],[Expected charges]],"Under Charged",Table1[[#This Row],[Billing Amount]]=Table1[[#This Row],[Expected charges]],"Correctly Charged")} -> Over Charged

Sheet SKU Master
A1: SKU (Product code) | B1: Weight (g)
A2: 8904223815682 | B2: 210
A3: 8904223815859 | B3: 165
A4: 8904223815866 | B4: 113
A5: 8904223815873 | B5: 65
A6: 8904223816214 | B6: 120
A7: 8904223816665 | B7: 102
A8: 8904223817273 | B8: 65
A9: 8904223817334 | B9: 170
A10: 8904223817501 | B10: 350
A11: 8904223818430 | B11: 165
A12: 8904223818478 | B12: 350
A13: 8904223818553 | B13: 115
... A51: 8904223819437 | B51: 552
A52: GIFTBOX202001 | B52: 500
A53: GIFTBOX202004 | B53: 500
A54: GIFTBOX202002 | B54: 500
A55: 8904223819369 | B55: 170
A56: GIFTBOX202003 | B56: 500
A57: 8904223819123 | B57: 250
A58: GIFTBOX202002 | B58: 500
A59: 8904223819468 | B59: 240
A60: 8904223819260 | B60: 130
A61: 8904223819321 | B61: 600
A62: 8904223819338 | B62: 600
A63: 8904223819505 | B63: 210
A64: 8904223819499 | B64: 210
A65: 8904223819512 | B65: 210
A66: 8904223819543 | B66: 300
A67: SACHETS001 | B67: 10

Sheet Pincode Zones
A1: Warehouse Pincode | B1: Customer Pincode | C1: Zone
A2: 121003 | B2: 507101 | C2: d
A3: 121003 | B3: 486886 | C3: d
A4: 121003 | B4: 532484 | C4: d
A5: 121003 | B5: 143001 | C5: b
A6: 121003 | B6: 515591 | C6: d
A7: 121003 | B7: 326502 | C7: d
A8: 121003 | B8: 208019 | C8: b
A9: 121003 | B9: 140301 | C9: b
A10: 121003 | B10: 396001 | C10: d
A11: 121003 | B11: 711106 | C11: d
A12: 121003 | B12: 284001 | C12: b
A13: 121003 | B13: 441601 | C13: d
... A125: 121003 | B125: 302020 | C125: b

Sheet Courier company invoice
A1: AWB Code | B1: Order ID | C1: Charged Weight | D1: Warehouse Pincode | E1: Customer Pincode | F1: Zone | G1: Type of Shipment | H1: Billing Amount (Rs.)
A2: 1091117222124 | B2: 2001806232 | C2: 1.3 | D2: 121003 | E2: 507101 | F2: d | G2: Forward charges | H2: 135
A3: 1091117222194 | B3: 2001806273 | C3: 1 | D3: 121003 | E3: 486886 | F3: d | G3: Forward charges | H3: 90.2
A4: 1091117222931 | B4: 2001806408 | C4: 2.5 | D4: 121003 | E4: 532484 | F4: d | G4: Forward charges | H4: 224.6
A5: 1091117223244 | B5: 2001806458 | C5: 1 | D5: 121003 | E5: 143001 | F5: b | G5: Forward charges | H5: 61.3
A6: 1091117229345 | B6: 2001807012 | C6: 0.15 | D6: 121003 | E6: 515591 | F6: d | G6: Forward charges | H6: 45.4
A7: 1091117229555 | B7: 2001806686 | C7: 0.15 | D7: 121003 | E7: 326502 | F7: d | G7: Forward charges | H7: 45.4
A8: 1091117229776 | B8: 2001806885 | C8: 1 | D8: 121003 | E8: 208019 | F8: b | G8: Forward charges | H8: 61.3
A9: 1091117323112 | B9: 2001807058 | C9: 1.15 | D9: 121003 | E9: 140301 | F9: b | G9: Forward charges | H9: 89.6
A10: 1091117323812 | B10: 2001807186 | C10: 0.5 | D10: 121003 | E10: 396001 | F10: d | G10: Forward charges | H10: 45.4
A11: 1091117324206 | B11: 2001807290 | C11: 0.5 | D11: 121003 | E11: 711106 | F11: d | G11: Forward charges | H11: 45.4
A12: 1091117326612 | B12: 2001807814 | C12: 0.79 | D12: 121003 | E12: 284001 | F12: b | G12: Forward charges | H12: 61.3
A13: 1091117327172 | B13: 2001807931 | C13: 0.72 | D13: 121003 | E13: 441601 | F13: d | G13: Forward charges | H13: 90.2
... A125: 1091121846136 | B125: 2001811305 | C125: 0.5 | D125: 121003 | E125: 302020 | F125: d | G125: Forward charges | H125: 45.4

Sheet Courier company Rates
A1: fwd_a_fixed | B1: fwd_a_additional | C1: fwd_b_fixed | D1: fwd_b_additional | E1: fwd_c_fixed | F1: fwd_c_additional | G1: fwd_d_fixed | H1: fwd_d_additional | I1: fwd_e_fixed | J1: fwd_e_additional | K1: rto_a_fixed | L1: rto_a_additional | M1: rto_b_fixed | N1: rto_b_additional | O1: rto_c_fixed | P1: rto_c_additional | Q1: rto_d_fixed | R1: rto_d_additional | S1: rto_e_fixed | T1: rto_e_additional
A2: 29.5 | B2: 23.6 | C2: 33 | D2: 28.3 | E2: 40.1 | F2: 38.9 | G2: 45.4 | H2: 44.8 | I2: 56.6 | J2: 55.5 | K2: 13.6 | L2: 23.6 | M2: 20.5 | N2: 28.3 | O2: 31.9 | P2: 38.9 | Q2: 41.3 | R2: 44.8 | S2: 50.7 | T2: 55.5
